date,close,ret,weekday,month,pos_in_month,neg_in_month
2020-05-13,834.21,0.007098620115171483,2,5,2,-9
2020-05-15,827.03,-0.008606945493341067,4,5,3,-8
2020-05-18,823.23,-0.004594754724737915,0,5,4,-7
2020-05-19,845.92,0.02756216367236375,1,5,5,-6
2020-05-20,850.46,0.005366937771893454,2,5,6,-5
2020-05-21,862.73,0.014427486301531012,3,5,7,-4
2020-05-25,857.99,-0.005494187057364375,0,5,8,-3
2020-05-26,863.74,0.006701709810137624,1,5,9,-2
2020-05-28,861.39,-0.002720726144441632,3,5,10,-1
2020-06-01,873.62,0.014197982330883763,0,6,1,-22
2020-06-02,879.24,0.006433002907442642,1,6,2,-21
2020-06-03,881.17,0.002195077566989667,2,6,3,-20
2020-06-04,883.9,0.0030981535912479874,3,6,4,-19
2020-06-05,886.22,0.0026247313044462928,4,6,5,-18
2020-06-08,899.92,0.015458915393468775,0,6,6,-17
2020-06-09,899.43,-0.0005444928438083085,1,6,7,-16
2020-06-10,900.0,0.0006337346986424741,2,6,8,-15
2020-06-11,873.39,-0.02956666666666663,3,6,9,-14
2020-06-12,863.52,-0.011300793459966374,4,6,10,-13
2020-06-15,832.47,-0.0359574763757643,0,6,11,-12
2020-06-16,856.13,0.028421444616622882,1,6,12,-11
2020-06-17,854.44,-0.001973999275810878,2,6,13,-10
2020-06-18,855.27,0.0009713964702027233,3,6,14,-9
2020-06-19,868.56,0.015538952611455992,4,6,15,-8
2020-06-22,871.28,0.003131620152896808,0,6,16,-7
2020-06-23,868.2,-0.0035350289229638676,1,6,17,-6
2020-06-24,859.71,-0.009778852798894233,2,6,18,-5
2020-06-25,854.59,-0.005955496620953626,3,6,19,-4
2020-06-26,851.98,-0.0030540961162662805,4,6,20,-3
2020-06-29,829.36,-0.0265499190121834,0,6,21,-2
2020-06-30,825.11,-0.005124433297964748,1,6,22,-1
2020-07-01,843.49,0.02227581776975196,2,7,1,-20
2020-07-02,842.38,-0.0013159610665212096,3,7,2,-19
2020-07-03,847.44,0.006006790284669661,4,7,3,-18
2020-07-06,861.16,0.016189936750684364,0,7,4,-17
2020-07-07,863.42,0.0026243671327046414,1,7,5,-16
2020-07-08,864.5,0.0012508396840471558,2,7,6,-15
2020-07-09,875.57,0.012805089647194956,3,7,7,-14
2020-07-10,871.21,-0.004979613280491568,4,7,8,-13
2020-07-13,874.05,0.0032598340239435863,0,7,9,-12
2020-07-14,863.84,-0.011681253932841251,1,7,10,-11
2020-07-15,873.57,0.011263659937025494,2,7,11,-10
2020-07-21,861.69,-0.013599368110168597,1,7,12,-9
2020-07-22,855.08,-0.0076709721593613,2,7,13,-8
2020-07-23,856.75,0.0019530336342796772,3,7,14,-7
2020-07-24,829.16,-0.032203093084330336,4,7,15,-6
2020-07-27,785.17,-0.05305369289401318,0,7,16,-5
2020-07-28,813.36,0.03590305284205986,1,7,17,-4
2020-07-29,788.29,-0.03082275990951122,2,7,18,-3
2020-07-30,801.13,0.016288421773712702,3,7,19,-2
2020-07-31,798.39,-0.003420169011271623,4,7,20,-1
2020-08-03,814.65,0.02036598654792776,0,8,1,-17
2020-08-04,827.57,0.015859571595163713,1,8,2,-16
2020-08-05,837.8,0.01236149207921966,2,8,3,-15
2020-08-06,840.04,0.0026736691334448004,3,8,4,-14
2020-08-07,841.46,0.0016903956954432697,4,8,5,-13
2020-08-10,843.2,0.0020678344781688285,0,8,6,-12
2020-08-11,843.08,-0.00014231499051231555,1,8,7,-11
2020-08-12,846.92,0.004554727902452704,2,8,8,-10
2020-08-13,855.05,0.009599489916402915,3,8,9,-9
2020-08-14,850.74,-0.005040640898193005,4,8,10,-8
2020-08-17,850.15,-0.000693513882032204,0,8,11,-7
2020-08-18,846.43,-0.004375698406163697,1,8,12,-6
2020-08-19,853.04,0.007809269520220319,2,8,13,-5
2020-08-26,873.47,0.023949638938385087,2,8,14,-4
2020-08-27,874.71,0.0014196251731599663,3,8,15,-3
2020-08-28,878.98,0.004881617907649405,4,8,16,-2
2020-08-31,881.65,0.00303761177728723,0,8,17,-1
2020-09-01,891.73,0.011433108376339929,1,9,1,-17
2020-09-03,903.97,0.013726127863815218,3,9,2,-16
2020-09-04,901.54,-0.0026881423056075437,4,9,3,-15
2020-09-07,888.25,-0.014741442420746709,0,9,4,-14
2020-09-08,890.14,0.0021277793414016255,1,9,5,-13
2020-09-09,889.32,-0.0009212034062057173,2,9,6,-12
2020-09-10,888.82,-0.000562227319749975,3,9,7,-11
2020-09-11,888.0,-0.0009225714992912026,4,9,8,-10
2020-09-16,897.47,0.010664414414414347,2,9,9,-9
2020-09-17,897.44,-3.3427301191046865e-05,3,9,10,-8
2020-09-21,908.49,0.012312800855767358,0,9,11,-7
2020-09-22,906.19,-0.0025316734361412463,1,9,12,-6
2020-09-23,912.5,0.006963219633851603,2,9,13,-5
2020-09-24,908.58,-0.0042958904109589025,3,9,14,-4
2020-09-25,908.27,-0.00034119174976343647,4,9,15,-3
2020-09-29,905.28,-0.003291972651304098,1,9,16,-2
2020-09-30,905.21,-7.732414280658961e-05,2,9,17,-1
2020-10-01,914.09,0.009809878370764746,3,10,1,-22
2020-10-02,909.91,-0.004572853876533056,4,10,2,-21
2020-10-05,914.68,0.005242276708685489,0,10,3,-20
2020-10-06,915.67,0.001082345738400381,1,10,4,-19
2020-10-07,919.72,0.004422990815468486,2,10,5,-18
2020-10-08,918.4,-0.0014352194146044495,3,10,6,-17
2020-10-09,924.0,0.0060975609756097615,4,10,7,-16
2020-10-12,925.83,0.0019805194805195825,0,10,8,-15
2020-10-13,929.86,0.004352850955358978,1,10,9,-14
2020-10-14,940.18,0.011098444927193363,2,10,10,-13
2020-10-15,942.76,0.002744155374502899,3,10,11,-12
2020-10-16,943.3,0.0005727862870719136,4,10,12,-11
2020-10-19,943.69,0.00041344217110150794,0,10,13,-10
2020-10-20,939.16,-0.004800305184965548,1,10,14,-9
2020-10-21,939.03,-0.00013842156820986773,2,10,15,-8
2020-10-22,949.9,0.011575775001863686,3,10,16,-7
2020-10-23,961.26,0.011959153595115346,4,10,17,-6
2020-10-26,950.8,-0.010881551297255765,0,10,18,-5
2020-10-27,946.47,-0.0045540597391668936,1,10,19,-4
2020-10-28,921.05,-0.02685769226705559,2,10,20,-3
2020-10-29,921.53,0.0005211443461268228,3,10,21,-2
2020-10-30,925.47,0.004275498355994944,4,10,22,-1
2020-11-02,933.68,0.008871168163203436,0,11,1,-21
2020-11-03,935.41,0.0018528832148059227,1,11,2,-20
2020-11-04,939.76,0.004650367218652862,2,11,3,-19
2020-11-05,937.75,-0.002138843960160064,3,11,4,-18
2020-11-06,938.29,0.0005758464409491015,4,11,5,-17
2020-11-09,951.99,0.014601029532447463,0,11,6,-16
2020-11-10,951.9,-9.453880818077742e-05,1,11,7,-15
2020-11-11,952.22,0.00033616976573180857,2,11,8,-14
2020-11-12,959.28,0.00741425300875842,3,11,9,-13
2020-11-13,966.29,0.00730756400633803,4,11,10,-12
2020-11-16,950.79,-0.016040733113247607,0,11,11,-11
2020-11-17,968.9,0.019047318545630576,1,11,12,-10
2020-11-18,973.53,0.004778614924140667,2,11,13,-9
2020-11-19,983.26,0.009994555894528245,3,11,14,-8
2020-11-20,990.0,0.006854748489717899,4,11,15,-7
2020-11-23,994.19,0.004232323232323365,0,11,16,-6
2020-11-24,995.76,0.0015791750067892796,1,11,17,-5
2020-11-25,999.94,0.004197798666345287,2,11,18,-4
2020-11-26,1005.97,0.00603036182170924,3,11,19,-3
2020-11-27,1010.22,0.004224778074892965,4,11,20,-2
2020-11-30,1003.08,-0.007067767416998216,0,11,21,-1
2020-12-01,1008.87,0.005772221557602597,1,12,1,-23
2020-12-02,1014.32,0.005402083519184808,2,12,2,-22
2020-12-03,1019.8,0.005402634277151153,3,12,3,-21
2020-12-04,1021.49,0.0016571876838595845,4,12,4,-20
2020-12-07,1029.98,0.008311388266160291,0,12,5,-19
2020-12-08,1028.63,-0.0013107050622340743,1,12,6,-18
2020-12-09,1039.13,0.01020775205856328,2,12,7,-17
2020-12-10,1030.91,-0.007910463560863445,3,12,8,-16
2020-12-11,1045.96,0.014598752558419248,4,12,9,-15
2020-12-14,1064.09,0.017333358828253376,0,12,10,-14
2020-12-15,1055.27,-0.008288772566230285,1,12,11,-13
2020-12-16,1066.99,0.011106162403934583,2,12,12,-12
2020-12-17,1051.77,-0.014264426095839777,3,12,13,-11
2020-12-18,1067.46,0.01491771014575427,4,12,14,-10
2020-12-21,1081.08,0.01275926030015162,0,12,15,-9
2020-12-22,1083.45,0.0021922521922523863,1,12,16,-8
2020-12-23,1078.9,-0.004199547741012499,2,12,17,-7
2020-12-24,1067.52,-0.010547780146445529,3,12,18,-6
2020-12-25,1084.42,0.015831085131894573,4,12,19,-5
2020-12-28,1091.33,0.006372069862230267,0,12,20,-4
2020-12-29,1099.49,0.007477115079765229,1,12,21,-3
2020-12-30,1097.54,-0.0017735495547935853,2,12,22,-2
2020-12-31,1103.87,0.005767443555587892,3,12,23,-1
2021-01-04,1120.47,0.015038002663357197,0,1,1,-13
2021-01-05,1132.55,0.01078119003632394,1,1,2,-12
2021-01-06,1143.21,0.00941238797404087,2,1,3,-11
2021-01-07,1156.49,0.011616413432352646,3,1,4,-10
2021-01-08,1167.69,0.009684476303297052,4,1,5,-9
2021-01-11,1184.89,0.014729936883933314,0,1,6,-8
2021-01-12,1192.28,0.006236865869405417,1,1,7,-7
2021-01-13,1186.05,-0.005225282651726171,2,1,8,-6
2021-01-14,1187.4,0.0011382319463766333,3,1,9,-5
2021-01-15,1194.2,0.005726798046151282,4,1,10,-4
2021-01-18,1191.94,-0.0018924803215542019,0,1,11,-3
2021-01-19,1131.0,-0.0511267345671762,1,1,12,-2
2021-01-20,1134.68,0.0032537577365163717,2,1,13,-1
2021-02-05,1126.91,-0.006847745619910417,4,2,1,-11
2021-02-08,1083.18,-0.03880522845657597,0,2,2,-10
2021-02-09,1114.93,0.029311841060580823,1,2,3,-9
2021-02-17,1155.78,0.036639071511215926,2,2,4,-8
2021-02-18,1174.38,0.01609302808492985,3,2,5,-7
2021-02-19,1173.5,-0.0007493315621861507,4,2,6,-6
2021-02-22,1175.04,0.0013123135918193807,0,2,7,-5
2021-02-23,1177.64,0.0022126906318082895,1,2,8,-4
2021-02-24,1162.01,-0.013272307326517518,2,2,9,-3
2021-02-25,1165.43,0.002943176048398888,3,2,10,-2
2021-02-26,1169.04,0.003097569137571421,4,2,11,-1
2021-03-01,1186.17,0.014653048655306922,0,3,1,-23
2021-03-02,1186.61,0.0003709417705723972,1,3,2,-22
2021-03-03,1186.95,0.00028653053657068384,2,3,3,-21
2021-03-04,1168.52,-0.01552719154134552,3,3,4,-20
2021-03-05,1168.69,0.0001454831752987218,4,3,5,-19
2021-03-08,1168.27,-0.0003593767380571933,0,3,6,-18
2021-03-09,1161.97,-0.00539258904191664,1,3,7,-17
2021-03-10,1170.08,0.006979526149556214,2,3,8,-16
2021-03-11,1181.73,0.009956584165185411,3,3,9,-15
2021-03-12,1181.56,-0.00014385688778317807,4,3,10,-14
2021-03-15,1184.56,0.002539016215850287,0,3,11,-13
2021-03-16,1179.9,-0.003933950158708566,1,3,12,-12
2021-03-17,1186.09,0.005246207305703798,2,3,13,-11
2021-03-18,1200.94,0.012520129163891447,3,3,14,-10
2021-03-19,1194.05,-0.005737172548170633,4,3,15,-9
2021-03-22,1194.43,0.00031824462962193323,0,3,16,-8
2021-03-23,1183.45,-0.009192669306698598,1,3,17,-7
2021-03-24,1161.81,-0.01828552114580262,2,3,18,-6
2021-03-25,1163.1,0.0011103364577684793,3,3,19,-5
2021-03-26,1148.46,-0.012587051844209385,4,3,20,-4
2021-03-29,1175.68,0.023701304355397745,0,3,21,-3
2021-03-30,1186.36,0.009084104518236158,1,3,22,-2
2021-03-31,1191.44,0.004282005462085792,2,3,23,-1
2021-04-01,1216.1,0.020697643188074766,3,4,1,-20
2021-04-02,1224.45,0.006866211660225385,4,4,2,-19
2021-04-05,1236.05,0.009473641226673157,0,4,3,-18
2021-04-06,1239.96,0.003163302455402306,1,4,4,-17
2021-04-07,1242.38,0.0019516758605115925,2,4,5,-16
2021-04-08,1234.89,-0.006028751267728061,3,4,6,-15
2021-04-09,1231.66,-0.0026156175853719876,4,4,7,-14
2021-04-12,1252.45,0.01687965834727123,0,4,8,-13
2021-04-13,1248.33,-0.003289552477144908,1,4,9,-12
2021-04-14,1255.87,0.006040069532895931,2,4,10,-11
2021-04-15,1247.25,-0.006863767746661642,3,4,11,-10
2021-04-16,1238.71,-0.006847063539787479,4,4,12,-9
2021-04-19,1260.58,0.017655464152222855,0,4,13,-8
2021-04-20,1268.28,0.0061082993542656006,1,4,14,-7
2021-04-22,1227.82,-0.03190147286088252,3,4,15,-6
2021-04-23,1248.53,0.016867293251453752,4,4,16,-5
2021-04-26,1215.77,-0.026238856895709373,0,4,17,-4
2021-04-27,1219.75,0.0032736455086077587,1,4,18,-3
2021-04-28,1229.55,0.008034433285509346,2,4,19,-2
2021-04-29,1239.39,0.008002927900451429,3,4,20,-1
2021-05-04,1242.2,0.0022672443702143052,1,5,1,-20
2021-05-05,1256.43,0.011455482208984069,2,5,2,-19
2021-05-06,1250.57,-0.004664008341093484,3,5,3,-18
2021-05-07,1241.81,-0.00700480580855134,4,5,4,-17
2021-05-10,1259.58,0.014309757531345335,0,5,5,-16
2021-05-11,1256.04,-0.0028104606297336687,1,5,6,-15
2021-05-12,1269.09,0.010389796503295967,2,5,7,-14
2021-05-13,1261.99,-0.0055945598814898245,3,5,8,-13
2021-05-14,1266.36,0.003462784966600241,4,5,9,-12
2021-05-17,1258.7,-0.006048832875327648,0,5,10,-11
2021-05-18,1252.68,-0.004782712322237259,1,5,11,-10
2021-05-19,1262.49,0.007831209886004276,2,5,12,-9
2021-05-20,1278.22,0.012459504629739548,3,5,13,-8
2021-05-21,1283.93,0.0044671496299542035,4,5,14,-7
2021-05-24,1297.98,0.01094296418029006,0,5,15,-6
2021-05-25,1308.58,0.008166535693924226,1,5,16,-5
2021-05-26,1316.7,0.0062051995292609075,2,5,17,-4
2021-05-27,1303.57,-0.009971899445583743,3,5,18,-3
2021-05-28,1320.46,0.012956726527919571,4,5,19,-2
2021-05-31,1328.05,0.005747996910167696,0,5,20,-1
2021-06-01,1337.78,0.007326531380595691,1,6,1,-22
2021-06-02,1340.78,0.0022425211918253307,2,6,2,-21
2021-06-03,1364.28,0.017527111084592484,3,6,3,-20
2021-06-04,1374.05,0.007161286539419942,4,6,4,-19
2021-06-07,1358.78,-0.011113132709872242,0,6,5,-18
2021-06-08,1319.88,-0.028628622735100473,1,6,6,-17
2021-06-09,1332.9,0.009864533139376297,2,6,7,-16
2021-06-10,1323.58,-0.006992272488558937,3,6,8,-15
2021-06-11,1351.74,0.021275631242539284,4,6,9,-14
2021-06-14,1361.72,0.0073830766271620885,0,6,10,-13
2021-06-15,1367.36,0.004141820638604132,1,6,11,-12
2021-06-16,1356.52,-0.007927685466885048,2,6,12,-11
2021-06-17,1359.92,0.002506413469760993,3,6,13,-10
2021-06-18,1377.77,0.013125772104241262,4,6,14,-9
2021-06-21,1372.63,-0.003730666221502754,0,6,15,-8
2021-06-22,1379.97,0.0053473987891856645,1,6,16,-7
2021-06-23,1376.87,-0.002246425646934447,2,6,17,-6
2021-06-24,1379.72,0.0020699121921461394,3,6,18,-5
2021-06-25,1390.12,0.007537761284898359,4,6,19,-4
2021-06-28,1405.81,0.011286795384571224,0,6,20,-3
2021-06-29,1410.04,0.003008941464351489,1,6,21,-2
2021-06-30,1408.55,-0.0010567076111316354,2,6,22,-1
2021-07-01,1417.08,0.006055873060949235,3,7,1,-18
2021-07-02,1420.27,0.0022511079120444144,4,7,2,-17
2021-07-05,1411.13,-0.0064353960866594395,0,7,3,-16
2021-07-06,1354.79,-0.03992544981681356,1,7,4,-15
2021-07-07,1388.55,0.024918991135157498,2,7,5,-14
2021-07-08,1374.68,-0.009988837276295293,3,7,6,-13
2021-07-09,1347.14,-0.020033753309861124,4,7,7,-12
2021-07-15,1293.92,-0.039505916237362104,3,7,8,-11
2021-07-16,1299.31,0.004165636206256762,4,7,9,-10
2021-07-19,1243.51,-0.042945871270135605,0,7,10,-9
2021-07-20,1273.29,0.02394833978013855,1,7,11,-8
2021-07-21,1270.79,-0.0019634176032168327,2,7,12,-7
2021-07-22,1293.67,0.018004548351812755,3,7,13,-6
2021-07-26,1272.71,-0.016201968044400883,0,7,14,-5
2021-07-27,1276.93,0.003315759285304587,1,7,15,-4
2021-07-28,1277.07,0.0001096379597940178,2,7,16,-3
2021-07-29,1293.6,0.012943691418638048,3,7,17,-2
2021-07-30,1310.05,0.012716450216450292,4,7,18,-1
2021-08-02,1314.22,0.003183084615091092,0,8,1,-22
2021-08-03,1332.44,0.013863736665094217,1,8,2,-21
2021-08-04,1334.74,0.0017261565248716249,2,8,3,-20
2021-08-05,1345.55,0.008098955601840041,3,8,4,-19
2021-08-06,1341.45,-0.0030470811192448988,4,8,5,-18
2021-08-09,1359.86,0.013723955421372391,0,8,6,-17
2021-08-10,1362.43,0.0018899004309267387,1,8,7,-16
2021-08-11,1357.79,-0.003405679557848873,2,8,8,-15
2021-08-12,1353.05,-0.0034909669389228126,3,8,9,-14
2021-08-13,1357.05,0.0029562839510735017,4,8,10,-13
2021-08-16,1370.96,0.01025017501197456,0,8,11,-12
2021-08-17,1363.09,-0.005740503005193576,1,8,12,-11
2021-08-18,1360.94,-0.001577298637654101,2,8,13,-10
2021-08-19,1374.85,0.010220876746954266,3,8,14,-9
2021-08-20,1329.43,-0.0330363312361347,4,8,15,-8
2021-08-23,1298.86,-0.022994817327727013,0,8,16,-7
2021-08-24,1298.74,-9.238871009953353e-05,1,8,17,-6
2021-08-25,1309.55,0.00832345196113149,2,8,18,-5
2021-08-26,1301.12,-0.006437325798938631,3,8,19,-4
2021-08-27,1313.2,0.009284308903098948,4,8,20,-3
2021-08-30,1328.14,0.011376789521778896,0,8,21,-2
2021-08-31,1331.47,0.0025072658002920356,1,8,22,-1
2021-09-01,1334.65,0.00238833770193847,2,9,1,-20
2021-09-06,1346.39,0.008796313640280218,0,9,2,-19
2021-09-07,1341.9,-0.003334843544589572,1,9,3,-18
2021-09-08,1333.61,-0.00617780758625841,2,9,4,-17
2021-09-09,1343.98,0.007775886503550655,3,9,5,-16
2021-09-10,1345.31,0.000989598059494945,4,9,6,-15
2021-09-13,1341.43,-0.0028840936289775687,0,9,7,-14
2021-09-14,1339.7,-0.0012896684881059661,1,9,8,-13
2021-09-15,1345.83,0.004575651265208647,2,9,9,-12
2021-09-16,1345.87,2.972143584245579e-05,3,9,10,-11
2021-09-17,1352.64,0.005030203511483533,4,9,11,-10
2021-09-20,1350.48,-0.0015968772178850399,0,9,12,-9
2021-09-21,1339.84,-0.00787868017297566,1,9,13,-8
2021-09-22,1350.68,0.008090518270838398,2,9,14,-7
2021-09-23,1352.76,0.0015399650546390475,3,9,15,-6
2021-09-24,1351.17,-0.0011753747893195055,4,9,16,-5
2021-09-27,1324.99,-0.01937580023239127,0,9,17,-4
2021-09-28,1339.31,0.010807628736820618,1,9,18,-3
2021-09-29,1339.21,-7.466531273558896e-05,2,9,19,-2
2021-09-30,1342.06,0.002128120309734749,3,9,20,-1
2021-10-01,1334.89,-0.005342533120724746,4,10,1,-21
2021-10-04,1339.54,0.0034834330918651624,0,10,2,-20
2021-10-05,1354.63,0.011265061140391497,1,10,3,-19
2021-10-06,1362.82,0.006045931361331025,2,10,4,-18
2021-10-07,1365.99,0.002326059200774999,3,10,5,-17
2021-10-08,1372.73,0.004934150323208764,4,10,6,-16
2021-10-11,1394.09,0.015560233986289917,0,10,7,-15
2021-10-12,1394.8,0.0005092928003214148,1,10,8,-14
2021-10-13,1391.91,-0.002071981646113996,2,10,9,-13
2021-10-14,1391.85,-4.3106235317114105e-05,3,10,10,-12
2021-10-15,1392.7,0.0006106979918814037,4,10,11,-11
2021-10-18,1395.53,0.002032024125798726,0,10,12,-10
2021-10-19,1395.33,-0.00014331472630468856,1,10,13,-9
2021-10-20,1393.8,-0.0010965148029498106,2,10,14,-8
2021-10-21,1384.77,-0.006478691347395538,3,10,15,-7
2021-10-22,1389.24,0.0032279728763622284,4,10,16,-6
2021-10-25,1385.4,-0.00276410123520765,0,10,17,-5
2021-10-26,1391.63,0.004496896203262546,1,10,18,-4
2021-10-27,1423.02,0.02255628292002898,2,10,19,-3
2021-10-28,1438.01,0.010533934870908368,3,10,20,-2
2021-10-29,1444.27,0.004353238155506478,4,10,21,-1
2021-11-01,1438.97,-0.003669673952931163,0,11,1,-22
2021-11-02,1452.46,0.009374761113852381,1,11,2,-21
2021-11-03,1444.3,-0.005618054886193158,2,11,3,-20
2021-11-04,1448.34,0.002797202797202747,3,11,4,-19
2021-11-05,1456.51,0.005640940663103944,4,11,5,-18
2021-11-08,1467.57,0.007593494037116066,0,11,6,-17
2021-11-09,1461.5,-0.004136088908876512,1,11,7,-16
2021-11-10,1465.02,0.002408484433800817,2,11,8,-15
2021-11-11,1462.35,-0.0018225007167138596,3,11,9,-14
2021-11-12,1473.37,0.007535815639210908,4,11,10,-13
2021-11-15,1476.57,0.0021718916497552865,0,11,11,-12
2021-11-16,1466.45,-0.006853721801201362,1,11,12,-11
2021-11-17,1475.85,0.006410037846499961,2,11,13,-10
2021-11-18,1469.83,-0.004079005318968765,3,11,14,-9
2021-11-19,1452.35,-0.011892531789390648,4,11,15,-8
2021-11-22,1447.25,-0.0035115502461526837,0,11,16,-7
2021-11-23,1463.63,0.01131801692865797,1,11,17,-6
2021-11-24,1488.87,0.017244795474265828,2,11,18,-5
2021-11-25,1500.81,0.008019504725059967,3,11,19,-4
2021-11-26,1493.03,-0.0051838673782823586,4,11,20,-3
2021-11-29,1484.84,-0.005485489240001917,0,11,21,-2
2021-11-30,1478.44,-0.004310228711510877,1,11,22,-1
2021-12-01,1485.19,0.004565623224479953,2,12,1,-23
2021-12-02,1482.05,-0.0021142076098008555,3,12,2,-22
2021-12-03,1443.32,-0.026132721568098205,4,12,3,-21
2021-12-06,1413.58,-0.020605271180334284,0,12,4,-20
2021-12-07,1446.77,0.023479392747492334,1,12,5,-19
2021-12-08,1452.87,0.004216288698272619,2,12,6,-18
2021-12-09,1467.98,0.010400104620509776,3,12,7,-17
2021-12-10,1463.54,-0.0030245643673619815,4,12,8,-16
2021-12-13,1476.21,0.008657091709143527,0,12,9,-15
2021-12-14,1476.02,-0.000128707975152631,1,12,10,-14
2021-12-15,1475.5,-0.000352298749339397,2,12,11,-13
2021-12-16,1476.61,0.000752287360216819,3,12,12,-12
2021-12-17,1479.79,0.002153581514414915,4,12,13,-11
2021-12-20,1477.33,-0.0016623980429655294,0,12,14,-10
2021-12-21,1478.74,0.0009544245361565729,1,12,15,-9
2021-12-22,1477.67,-0.0007235890014470892,2,12,16,-8
2021-12-23,1456.96,-0.01401530788335692,3,12,17,-7
2021-12-24,1477.03,0.01377525807160107,4,12,18,-6
2021-12-27,1488.88,0.00802285667860514,0,12,19,-5
2021-12-28,1494.39,0.003700768362796092,1,12,20,-4
2021-12-29,1485.82,-0.005734781415828616,2,12,21,-3
2021-12-30,1485.97,0.00010095435517087914,3,12,22,-2
2021-12-31,1498.28,0.008284151093225223,4,12,23,-1
2022-01-04,1525.58,0.01822089329097354,1,1,1,-19
2022-01-05,1522.5,-0.0020189042855831563,2,1,2,-18
2022-01-06,1528.57,0.003986863711001654,3,1,3,-17
2022-01-07,1528.48,-5.8878559699548916e-05,4,1,4,-16
2022-01-10,1503.71,-0.016205642206636672,0,1,5,-15
2022-01-11,1492.31,-0.007581249044031124,1,1,6,-14
2022-01-12,1510.51,0.012195857429086576,2,1,7,-13
2022-01-13,1496.05,-0.009572925700591206,3,1,8,-12
2022-01-14,1496.02,-2.0052805721704203e-05,4,1,9,-11
2022-01-17,1452.84,-0.02886325049130367,0,1,10,-10
2022-01-18,1438.94,-0.009567467856061107,1,1,11,-9
2022-01-19,1442.79,0.002675580635745689,2,1,12,-8
2022-01-20,1465.3,0.015601716119463038,3,1,13,-7
2022-01-21,1472.89,0.005179826656657394,4,1,14,-6
2022-01-24,1439.71,-0.02252714051965865,0,1,15,-5
2022-01-25,1479.58,0.0276930770780226,1,1,16,-4
2022-01-26,1481.58,0.0013517349518106236,2,1,17,-3
2022-01-27,1470.76,-0.007303014349545722,3,1,18,-2
2022-01-28,1478.96,0.005575348799260249,4,1,19,-1
2022-02-07,1497.66,0.01264402012224819,0,2,1,-16
2022-02-08,1500.99,0.0022234686110331747,1,2,2,-15
2022-02-09,1505.38,0.0029247363406819105,2,2,3,-14
2022-02-10,1506.79,0.0009366405824442481,3,2,4,-13
2022-02-11,1501.71,-0.0033714054380503677,4,2,5,-12
2022-02-14,1471.96,-0.01981074907938285,0,2,6,-11
2022-02-15,1492.75,0.014124025109377936,1,2,7,-10
2022-02-16,1492.1,-0.0004354379500921546,2,2,8,-9
2022-02-17,1507.99,0.010649420280142152,3,2,9,-8
2022-02-18,1504.84,-0.0020888732683904676,4,2,10,-7
2022-02-21,1510.84,0.003987134844900542,0,2,11,-6
2022-02-22,1503.47,-0.004878081067485551,1,2,12,-5
2022-02-23,1512.3,0.005873080274298781,2,2,13,-4
2022-02-24,1494.85,-0.011538715863254723,3,2,14,-3
2022-02-25,1498.89,0.0027026123022377835,4,2,15,-2
2022-02-28,1490.13,-0.005844324800352241,0,2,16,-1
2022-03-01,1498.78,0.005804862662988963,1,3,1,-23
2022-03-02,1485.52,-0.008847195719184908,2,3,2,-22
2022-03-03,1505.0,0.013113253271581637,3,3,3,-21
2022-03-04,1505.33,0.00021926910299008284,4,3,4,-20
2022-03-07,1499.05,-0.004171842718872276,0,3,5,-19
2022-03-08,1473.71,-0.016904039224842293,1,3,6,-18
2022-03-09,1473.74,2.035678661327367e-05,2,3,7,-17
2022-03-10,1479.08,0.0036234342557031063,3,3,8,-16
2022-03-11,1466.54,-0.008478243232279525,4,3,9,-15
2022-03-14,1446.25,-0.013835285774680517,0,3,10,-14
2022-03-15,1452.74,0.0044874675885910875,1,3,11,-13
2022-03-16,1459.33,0.004536255627297425,2,3,12,-12
2022-03-17,1461.34,0.001377344397771596,3,3,13,-11
2022-03-18,1469.1,0.005310194752761177,4,3,14,-10
2022-03-21,1494.95,0.017595806956640203,0,3,15,-9
2022-03-22,1503.78,0.0059065520585972475,1,3,16,-8
2022-03-23,1502.34,-0.0009575868810597354,2,3,17,-7
2022-03-24,1498.26,-0.0027157634090817506,3,3,18,-6
2022-03-25,1498.5,0.00016018581554599898,4,3,19,-5
2022-03-28,1483.18,-0.010223556890223473,0,3,20,-4
2022-03-29,1497.76,0.009830229641715649,1,3,21,-3
2022-03-30,1490.51,-0.004840561905779306,2,3,22,-2
2022-03-31,1492.15,0.0011002945300602196,3,3,23,-1
2022-04-01,1516.44,0.01627852427704979,4,4,1,-20
2022-04-04,1524.7,0.005446967898499189,0,4,2,-19
2022-04-05,1520.03,-0.0030628976192038637,1,4,3,-18
2022-04-06,1522.9,0.0018881206291980757,2,4,4,-17
2022-04-07,1502.35,-0.013493991726311716,3,4,5,-16
2022-04-08,1482.0,-0.013545445468765571,4,4,6,-15
2022-04-12,1455.25,-0.018049932523616752,1,4,7,-14
2022-04-13,1477.2,0.015083319017350938,2,4,8,-13
2022-04-14,1472.12,-0.0034389385323586596,3,4,9,-12
2022-04-15,1458.56,-0.009211205608238404,4,4,10,-11
2022-04-18,1432.6,-0.01779837648091276,0,4,11,-10
2022-04-19,1406.45,-0.018253525059332643,1,4,12,-9
2022-04-20,1384.72,-0.015450247075971424,2,4,13,-8
2022-04-21,1370.21,-0.01047865272401638,3,4,14,-7
2022-04-22,1379.23,0.006582932543186759,4,4,15,-6
2022-04-25,1310.92,-0.04952763498473778,0,4,16,-5
2022-04-26,1341.34,0.023205077350257675,1,4,17,-4
2022-04-27,1353.77,0.00926685255043469,2,4,18,-3
2022-04-28,1350.99,-0.0020535246016679665,3,4,19,-2
2022-04-29,1366.8,0.011702529256323091,4,4,20,-1
2022-05-04,1348.68,-0.013257243195785695,2,5,1,-20
2022-05-05,1360.68,0.008897588753447705,3,5,2,-19
2022-05-06,1329.26,-0.02309139547873129,4,5,3,-18
2022-05-09,1269.62,-0.04486706889547576,0,5,4,-17
2022-05-10,1293.56,0.018856035664214454,1,5,5,-16
2022-05-11,1301.53,0.006161291320077922,2,5,6,-15
2022-05-12,1238.84,-0.048166388788579595,3,5,7,-14
2022-05-13,1182.77,-0.04526008201220488,4,5,8,-13
2022-05-16,1171.95,-0.00914801694327716,0,5,9,-12
2022-05-17,1228.37,0.048141985579589486,1,5,10,-11
2022-05-18,1240.76,0.010086537443929844,2,5,11,-10
2022-05-19,1241.64,0.0007092427222026298,3,5,12,-9
2022-05-20,1240.71,-0.0007490093746980175,4,5,13,-8
2022-05-23,1218.81,-0.017651183596489206,0,5,14,-7
2022-05-24,1233.38,0.011954283276310651,1,5,15,-6
2022-05-25,1268.43,0.028417843649159114,2,5,16,-5
2022-05-26,1268.57,0.00011037266542102131,3,5,17,-4
2022-05-27,1285.45,0.013306321290902368,4,5,18,-3
2022-05-30,1293.92,0.006589132210510051,0,5,19,-2
2022-05-31,1292.68,-0.0009583281810312538,1,5,20,-1
2022-06-01,1299.52,0.005291332735092968,2,6,1,-22
2022-06-02,1288.62,-0.008387712386111912,3,6,2,-21
2022-06-03,1287.98,-0.0004966553367167226,4,6,3,-20
2022-06-06,1290.01,0.0015761114303016743,0,6,4,-19
2022-06-07,1291.35,0.0010387516375840455,1,6,5,-18
2022-06-08,1307.91,0.012823789057962776,2,6,6,-17
2022-06-09,1307.8,-8.41036462754241e-05,3,6,7,-16
2022-06-10,1284.08,-0.018137329866952157,4,6,8,-15
2022-06-13,1227.04,-0.04442090835461965,0,6,9,-14
2022-06-14,1230.31,0.0026649497978876724,1,6,10,-13
2022-06-15,1213.93,-0.01331371768090961,2,6,11,-12
2022-06-16,1236.63,0.018699595528572477,3,6,12,-11
2022-06-17,1217.3,-0.015631191221303187,4,6,13,-10
2022-06-20,1180.4,-0.030312987759796184,0,6,14,-9
2022-06-21,1172.47,-0.006718061674008902,1,6,15,-8
2022-06-22,1169.27,-0.0027292809197677625,2,6,16,-7
2022-06-23,1188.88,0.016771147810172193,3,6,17,-6
2022-06-24,1185.48,-0.0028598344660522024,4,6,18,-5
2022-06-27,1202.82,0.01462698653709893,0,6,19,-4
2022-06-28,1218.1,0.012703480154969027,1,6,20,-3
2022-06-29,1218.09,-8.209506608625183e-06,2,6,21,-2
2022-06-30,1197.6,-0.01682141713666474,3,6,22,-1
2022-07-01,1198.9,0.0010855043420174848,4,7,1,-21
2022-07-04,1195.53,-0.0028109100008342214,0,7,2,-20
2022-07-05,1181.29,-0.011911035273058812,1,7,3,-19
2022-07-06,1149.61,-0.026818139491572857,2,7,4,-18
2022-07-07,1166.48,0.014674541801132701,3,7,5,-17
2022-07-08,1171.31,0.0041406625060009805,4,7,6,-16
2022-07-11,1155.29,-0.013676994134772191,0,7,7,-15
2022-07-12,1174.82,0.016904846402201912,1,7,8,-14
2022-07-13,1173.92,-0.0007660748029484354,2,7,9,-13
2022-07-14,1182.17,0.00702773613193397,3,7,10,-12
2022-07-15,1179.25,-0.002470033920671355,4,7,11,-11
2022-07-18,1176.49,-0.0023404706381174867,0,7,12,-10
2022-07-19,1178.33,0.0015639741944257768,1,7,13,-9
2022-07-20,1194.14,0.013417293966885513,2,7,14,-8
2022-07-21,1198.47,0.0036260404977639382,3,7,15,-7
2022-07-22,1194.76,-0.003095613573973477,4,7,16,-6
2022-07-25,1188.5,-0.00523954601761023,0,7,17,-5
2022-07-26,1185.07,-0.0028859907446361355,1,7,18,-4
2022-07-27,1191.04,0.005037677099243076,2,7,19,-3
2022-07-28,1208.12,0.014340408382589986,3,7,20,-2
2022-07-29,1206.33,-0.0014816408965996342,4,7,21,-1
2022-08-01,1231.35,0.02074059336997336,0,8,1,-23
2022-08-02,1236.12,0.0038737970520159593,1,8,2,-22
2022-08-03,1249.76,0.011034527392162596,2,8,3,-21
2022-08-04,1254.15,0.0035126744334912363,3,8,4,-20
2022-08-05,1252.74,-0.0011242674321254587,4,8,5,-19
2022-08-08,1256.75,0.0032009834442900953,0,8,6,-18
2022-08-09,1258.85,0.0016709767256812835,1,8,7,-17
2022-08-10,1256.5,-0.0018667831751201236,2,8,8,-16
2022-08-11,1252.07,-0.0035256665340230864,3,8,9,-15
2022-08-12,1262.33,0.008194430023880539,4,8,10,-14
2022-08-15,1274.2,0.009403246377730268,0,8,11,-13
2022-08-16,1274.69,0.00038455501491130306,1,8,12,-12
2022-08-17,1275.28,0.00046285763597420093,2,8,13,-11
2022-08-18,1273.66,-0.0012703092654161585,3,8,14,-10
2022-08-19,1269.18,-0.003517422231992806,4,8,15,-9
2022-08-22,1260.43,-0.006894215162545847,0,8,16,-8
2022-08-23,1270.81,0.008235284783764119,1,8,17,-7
2022-08-24,1277.16,0.0049968130562398905,2,8,18,-6
2022-08-25,1288.88,0.009176610604779478,3,8,19,-5
2022-08-26,1282.57,-0.004895723418782305,4,8,20,-4
2022-08-29,1270.8,-0.009176887031506986,0,8,21,-3
2022-08-30,1279.39,0.006759521561221282,1,8,22,-2
2022-08-31,1280.51,0.0008754171910050346,2,8,23,-1
2022-09-05,1277.35,-0.002467766749185918,0,9,1,-20
2022-09-06,1277.4,3.914353935896564e-05,1,9,2,-19
2022-09-07,1243.17,-0.026796618130577765,2,9,3,-18
2022-09-08,1234.6,-0.006893666996468872,3,9,4,-17
2022-09-09,1248.78,0.011485501376964358,4,9,5,-16
2022-09-12,1249.62,0.0006726565127563866,0,9,6,-15
2022-09-13,1248.4,-0.0009762967942252843,1,9,7,-14
2022-09-14,1240.77,-0.006111823133611138,2,9,8,-13
2022-09-15,1245.66,0.003941101090451982,3,9,9,-12
2022-09-16,1234.03,-0.009336416036478723,4,9,10,-11
2022-09-19,1205.43,-0.02317609782582264,0,9,11,-10
2022-09-20,1218.93,0.01119932306313931,1,9,12,-9
2022-09-21,1210.55,-0.006874882068699684,2,9,13,-8
2022-09-22,1214.7,0.003428193796208401,3,9,14,-7
2022-09-23,1203.28,-0.009401498312340606,4,9,15,-6
2022-09-26,1174.35,-0.02404261684728415,0,9,16,-5
2022-09-27,1166.54,-0.006650487503725433,1,9,17,-4
2022-09-28,1143.62,-0.01964784748058368,2,9,18,-3
2022-09-29,1126.07,-0.015346006540634116,3,9,19,-2
2022-09-30,1132.11,0.005363787331160497,4,9,20,-1
2022-10-03,1086.44,-0.04034060294494335,0,10,1,-21
2022-10-04,1078.14,-0.007639630352343385,1,10,2,-20
2022-10-05,1104.26,0.02422690930676885,2,10,3,-19
2022-10-06,1074.52,-0.026932063101081316,3,10,4,-18
2022-10-07,1035.91,-0.035932323269925126,4,10,5,-17
2022-10-10,1042.48,0.00634224980934639,0,10,6,-16
2022-10-11,1006.2,-0.034801626889724435,1,10,7,-15
2022-10-12,1034.81,0.028433710991850436,2,10,8,-14
2022-10-13,1050.99,0.01563572056706075,3,10,9,-13
2022-10-14,1061.85,0.01033311449205021,4,10,10,-12
2022-10-17,1051.58,-0.009671799218345378,0,10,11,-11
2022-10-18,1063.66,0.01148747598851263,1,10,12,-10
2022-10-19,1060.07,-0.0033751386721322385,2,10,13,-9
2022-10-20,1058.45,-0.001528200967860549,3,10,14,-8
2022-10-21,1019.82,-0.036496764136236926,4,10,15,-7
2022-10-24,986.15,-0.03301563020925269,0,10,16,-6
2022-10-25,997.7,0.01171221416620205,1,10,17,-5
2022-10-26,992.85,-0.004861180715646007,2,10,18,-4
2022-10-27,1022.16,0.02952107569119189,3,10,19,-3
2022-10-28,1028.56,0.006261250684824304,4,10,20,-2
2022-10-31,1021.42,-0.006941743797153288,0,10,21,-1
2022-11-01,1028.41,0.006843414070607734,1,11,1,-22
2022-11-02,1021.52,-0.006699662585933686,2,11,2,-21
2022-11-03,1017.03,-0.004395410760435481,3,11,3,-20
2022-11-04,994.12,-0.022526375819789002,4,11,4,-19
2022-11-07,971.22,-0.02303544843680838,0,11,5,-18
2022-11-08,976.99,0.005940981446016291,1,11,6,-17
2022-11-09,981.33,0.004442215375797032,2,11,7,-16
2022-11-10,942.65,-0.03941589475507734,3,11,8,-15
2022-11-11,952.88,0.010852384235930712,4,11,9,-14
2022-11-14,941.04,-0.012425489043741078,0,11,10,-13
2022-11-15,911.9,-0.03096574003230468,1,11,11,-12
2022-11-16,942.9,0.03399495558723542,2,11,12,-11
2022-11-17,969.26,0.027956305016438643,3,11,13,-10
2022-11-18,969.33,7.222004415741168e-05,4,11,14,-9
2022-11-21,960.65,-0.008954638771110024,0,11,15,-8
2022-11-22,952.12,-0.008879404569822502,1,11,16,-7
2022-11-23,946.0,-0.006427761206570626,2,11,17,-6
2022-11-24,947.71,0.0018076109936575602,3,11,18,-5
2022-11-25,971.46,0.025060408774836285,4,11,19,-4
2022-11-28,1005.69,0.03523562472978825,0,11,20,-3
2022-11-29,1032.16,0.026320237846652494,1,11,21,-2
2022-11-30,1048.42,0.0157533715702991,2,11,22,-1
2022-12-01,1036.28,-0.011579328894908647,3,12,1,-22
2022-12-02,1080.01,0.042199019570000385,4,12,2,-21
2022-12-05,1093.67,0.01264803103674983,0,12,3,-20
2022-12-06,1048.69,-0.041127579617252,1,12,4,-19
2022-12-07,1041.02,-0.007313886849307338,2,12,5,-18
2022-12-08,1050.53,0.00913527117634616,3,12,6,-17
2022-12-09,1051.81,0.0012184326006872137,4,12,7,-16
2022-12-12,1032.07,-0.01876764814938059,0,12,8,-15
2022-12-13,1047.45,0.014902089974517363,1,12,9,-14
2022-12-14,1050.43,0.002845004534822726,2,12,10,-13
2022-12-15,1055.32,0.004655236426986953,3,12,11,-12
2022-12-16,1052.48,-0.002691126861994353,4,12,12,-11
2022-12-19,1038.4,-0.013377926421404562,0,12,13,-10
2022-12-20,1023.13,-0.014705315870570224,1,12,14,-9
2022-12-21,1018.88,-0.004153919834234188,2,12,15,-8
2022-12-22,1022.61,0.0036608825376884813,3,12,16,-7
2022-12-23,1020.34,-0.002219810093779584,4,12,17,-6
2022-12-26,985.21,-0.034429699903953614,0,12,18,-5
2022-12-27,1004.57,0.019650632859999462,1,12,19,-4
2022-12-28,1015.66,0.011039549259882264,2,12,20,-3
2022-12-29,1009.29,-0.006271783864679081,3,12,21,-2
2022-12-30,1007.09,-0.0021797501213723924,4,12,22,-1
2023-01-03,1043.9,0.03655085444200634,1,1,1,-16
2023-01-04,1046.35,0.002346968100392477,2,1,2,-15
2023-01-05,1055.82,0.009050508911931932,3,1,3,-14
2023-01-06,1051.44,-0.004148434392225786,4,1,4,-13
2023-01-09,1054.21,0.0026344822338888463,0,1,5,-12
2023-01-10,1053.35,-0.0008157767427743323,1,1,6,-11
2023-01-11,1055.76,0.0022879384819860515,2,1,7,-10
2023-01-12,1056.39,0.0005967265287565304,3,1,8,-9
2023-01-13,1060.17,0.0035782239513815206,4,1,9,-8
2023-01-16,1066.68,0.0061405246328418706,0,1,10,-7
2023-01-17,1088.29,0.020259121760977994,1,1,11,-6
2023-01-18,1098.28,0.009179538542116505,2,1,12,-5
2023-01-19,1108.08,0.008923043304075451,3,1,13,-4
2023-01-27,1117.1,0.008140206483286283,4,1,14,-3
2023-01-30,1102.57,-0.013006892847551632,0,1,15,-2
2023-01-31,1111.18,0.007809027998222362,1,1,16,-1
2023-02-01,1075.97,-0.03168703540380502,2,2,1,-20
2023-02-02,1077.59,0.0015056181863806195,3,2,2,-19
2023-02-03,1077.15,-0.00040831856271850153,4,2,3,-18
2023-02-06,1089.29,0.011270482291231287,0,2,4,-17
2023-02-07,1065.84,-0.0215277841529804,1,2,5,-16
2023-02-08,1072.22,0.005985889064024752,2,2,6,-15
2023-02-09,1064.03,-0.007638357799705342,3,2,7,-14
2023-02-10,1055.3,-0.008204655883762735,4,2,8,-13
2023-02-13,1043.7,-0.010992134937932274,0,2,9,-12
2023-02-14,1038.64,-0.004848136437673567,1,2,10,-11
2023-02-15,1048.2,0.009204344142339949,2,2,11,-10
2023-02-16,1058.29,0.009626025567639696,3,2,12,-9
2023-02-17,1059.31,0.0009638189910137207,4,2,13,-8
2023-02-20,1086.69,0.025847013622074755,0,2,14,-7
2023-02-21,1082.23,-0.00410420635139741,1,2,15,-6
2023-02-22,1054.28,-0.02582630309638434,2,2,16,-5
2023-02-23,1053.66,-0.0005880790681791481,3,2,17,-4
2023-02-24,1039.56,-0.01338192585843645,4,2,18,-3
2023-02-27,1021.25,-0.017613220978106026,0,2,19,-2
2023-02-28,1024.68,0.0033586291309670724,1,2,20,-1
2023-03-01,1040.55,0.015487762033024932,2,3,1,-23
2023-03-02,1037.61,-0.0028254288597376886,3,3,2,-22
2023-03-03,1024.77,-0.012374591609564223,4,3,3,-21
2023-03-06,1027.18,0.0023517472213276935,0,3,4,-20
2023-03-07,1037.84,0.010377927919157148,1,3,5,-19
2023-03-08,1049.18,0.010926539736375585,2,3,6,-18
2023-03-09,1055.95,0.006452658266455691,3,3,7,-17
2023-03-10,1053.0,-0.002793692883185761,4,3,8,-16
2023-03-13,1052.8,-0.00018993352326690527,0,3,9,-15
2023-03-14,1040.13,-0.01203457446808498,1,3,10,-14
2023-03-15,1062.19,0.021208887350619543,2,3,11,-13
2023-03-16,1047.4,-0.013924062550014549,3,3,12,-12
2023-03-17,1045.14,-0.002157723887721952,4,3,13,-11
2023-03-20,1023.1,-0.021088083893067044,0,3,14,-10
2023-03-21,1032.43,0.009119343172710348,1,3,15,-9
2023-03-22,1040.54,0.007855254109237375,2,3,16,-8
2023-03-23,1045.1,0.004382339938877822,3,3,17,-7
2023-03-24,1046.79,0.0016170701368289908,4,3,18,-6
2023-03-27,1052.25,0.005215945891726248,0,3,19,-5
2023-03-28,1054.29,0.0019387027797577172,1,3,20,-4
2023-03-29,1056.33,0.0019349514839370752,2,3,21,-3
2023-03-30,1059.44,0.002944155708916929,3,3,22,-2
2023-03-31,1064.64,0.0049082534168995995,4,3,23,-1
2023-04-03,1079.28,0.013751127141568897,0,4,1,-19
2023-04-04,1078.45,-0.0007690312059891458,1,4,2,-18
2023-04-05,1080.86,0.0022346886735591376,2,4,3,-17
2023-04-06,1070.91,-0.00920563255185669,3,4,4,-16
2023-04-10,1065.35,-0.0051918461868879495,0,4,5,-15
2023-04-11,1069.46,0.003857887079363742,1,4,6,-14
2023-04-12,1069.45,-9.350513343164835e-06,2,4,7,-13
2023-04-13,1064.3,-0.004815559399691471,3,4,8,-12
2023-04-14,1052.89,-0.010720661467631176,4,4,9,-11
2023-04-17,1053.81,0.0008737854856630811,0,4,10,-10
2023-04-18,1055.02,0.0011482145737846672,1,4,11,-9
2023-04-19,1048.98,-0.005725009952417981,2,4,12,-8
2023-04-20,1049.25,0.0002573928959559435,3,4,13,-7
2023-04-21,1042.91,-0.006042411246128143,4,4,14,-6
2023-04-24,1041.36,-0.0014862260405981154,0,4,15,-5
2023-04-25,1034.85,-0.0062514404240607835,1,4,16,-4
2023-04-26,1040.8,0.005749625549596571,2,4,17,-3
2023-04-27,1039.63,-0.0011241352805532179,3,4,18,-2
2023-04-28,1049.12,0.009128247549608837,4,4,19,-1
2023-05-04,1040.61,-0.008111560164709486,3,5,1,-20
2023-05-05,1040.31,-0.0002882924438549761,4,5,2,-19
2023-05-08,1052.62,0.011833011313935327,0,5,3,-18
2023-05-09,1053.77,0.0010925120176323855,1,5,4,-17
2023-05-10,1058.26,0.0042608918454691835,2,5,5,-16
2023-05-11,1057.12,-0.0010772399977322378,3,5,6,-15
2023-05-12,1066.9,0.009251551384894974,4,5,7,-14
2023-05-15,1065.71,-0.0011153810104039819,0,5,8,-13
2023-05-16,1065.91,0.0001876683150201508,1,5,9,-12
2023-05-17,1060.44,-0.005131765346042427,2,5,10,-11
2023-05-18,1068.31,0.007421447700954209,3,5,11,-10
2023-05-19,1067.07,-0.0011607117784163679,4,5,12,-9
2023-05-22,1070.64,0.0033456099412412232,0,5,13,-8
2023-05-23,1065.85,-0.004473959500859492,1,5,14,-7
2023-05-24,1061.79,-0.0038091663930196473,2,5,15,-6
2023-05-25,1064.63,0.0026747285244730357,3,5,16,-5
2023-05-26,1063.76,-0.0008171853132075135,4,5,17,-4
2023-05-29,1074.98,0.010547491915469775,0,5,18,-3
2023-05-30,1078.05,0.002855867085899133,1,5,19,-2
2023-05-31,1075.17,-0.0026714901906218502,2,5,20,-1
2023-06-01,1078.39,0.0029948752290336333,3,6,1,-22
2023-06-02,1090.84,0.011544988362280684,4,6,2,-21
2023-06-05,1097.82,0.006398738586777197,0,6,3,-20
2023-06-06,1108.31,0.009555300504636488,1,6,4,-19
2023-06-07,1109.54,0.0011097978002545528,2,6,5,-18
2023-06-08,1101.32,-0.007408475584476437,3,6,6,-17
2023-06-09,1107.53,0.005638688119711022,4,6,7,-16
2023-06-12,1116.02,0.0076657065722824935,0,6,8,-15
2023-06-13,1122.46,0.005770505904912238,1,6,9,-14
2023-06-14,1117.42,-0.004490137733193178,2,6,10,-13
2023-06-15,1116.97,-0.00040271339335262724,3,6,11,-12
2023-06-16,1115.22,-0.0015667385874285067,4,6,12,-11
2023-06-19,1105.4,-0.008805437492154011,0,6,13,-10
2023-06-20,1111.72,0.005717387371087401,1,6,14,-9
2023-06-21,1118.46,0.006062677652646453,2,6,15,-8
2023-06-22,1125.3,0.0061155517407862625,3,6,16,-7
2023-06-23,1129.38,0.003625699813383232,4,6,17,-6
2023-06-26,1132.03,0.002346420159733631,0,6,18,-5
2023-06-27,1134.33,0.002031748275222345,1,6,19,-4
2023-06-28,1138.35,0.003543942239030873,2,6,20,-3
2023-06-29,1125.39,-0.01138489919620489,3,6,21,-2
2023-06-30,1120.18,-0.00462950621562308,4,6,22,-1
2023-07-03,1125.5,0.0047492367298112015,0,7,1,-21
2023-07-04,1132.0,0.005775211017325699,1,7,2,-20
2023-07-05,1134.62,0.002314487632508744,2,7,3,-19
2023-07-06,1126.22,-0.007403359715146829,3,7,4,-18
2023-07-07,1138.07,0.01052192289250753,4,7,5,-17
2023-07-10,1149.02,0.00962155227710082,0,7,6,-16
2023-07-11,1151.77,0.0023933438930567874,1,7,7,-15
2023-07-12,1154.2,0.002109796226677174,2,7,8,-14
2023-07-13,1165.42,0.009721018887541177,3,7,9,-13
2023-07-14,1168.4,0.0025570180707383816,4,7,10,-12
2023-07-17,1173.13,0.004048271140020487,0,7,11,-11
2023-07-18,1174.09,0.0008183236299470487,1,7,12,-10
2023-07-19,1172.98,-0.0009454130432929864,2,7,13,-9
2023-07-20,1172.81,-0.0001449300073318449,3,7,14,-8
2023-07-21,1185.9,0.011161228161424397,4,7,15,-7
2023-07-24,1190.72,0.0040644236444893345,0,7,16,-6
2023-07-25,1195.9,0.004350309056705193,1,7,17,-5
2023-07-26,1200.84,0.004130780165565451,2,7,18,-4
2023-07-27,1197.33,-0.0029229539322473963,3,7,19,-3
2023-07-28,1207.67,0.008635881503010978,4,7,20,-2
2023-07-31,1222.9,0.012611060968642063,0,7,21,-1
2023-08-01,1217.56,-0.004366669392427913,1,8,1,-23
2023-08-02,1220.43,0.002357173363119802,2,8,2,-22
2023-08-03,1210.95,-0.0077677539883483915,3,8,3,-21
2023-08-04,1225.98,0.012411742846525353,4,8,4,-20
2023-08-07,1241.42,0.012594006427511184,0,8,5,-19
2023-08-08,1242.23,0.0006524786132009464,1,8,6,-18
2023-08-09,1233.99,-0.006633232171176062,2,8,7,-17
2023-08-10,1220.61,-0.010842875550045039,3,8,8,-16
2023-08-11,1232.21,0.009503444998812283,4,8,9,-15
2023-08-14,1236.84,0.0037574764041843345,0,8,10,-14
2023-08-15,1234.05,-0.0022557485204229843,1,8,11,-13
2023-08-16,1243.26,0.007463230825331291,2,8,12,-12
2023-08-17,1233.48,-0.007866415713527308,3,8,13,-11
2023-08-18,1177.99,-0.04498654214093456,4,8,14,-10
2023-08-21,1179.76,0.0015025594444775248,0,8,15,-9
2023-08-22,1180.49,0.0006187699193056506,1,8,16,-8
2023-08-23,1172.56,-0.00671754949216008,2,8,17,-7
2023-08-24,1189.39,0.014353210070273681,3,8,18,-6
2023-08-25,1183.37,-0.0050614180378179,4,8,19,-5
2023-08-28,1201.72,0.01550656176850862,0,8,20,-4
2023-08-29,1204.43,0.002255101021868766,1,8,21,-3
2023-08-30,1213.16,0.007248241906960162,2,8,22,-2
2023-08-31,1224.05,0.008976557090573323,3,8,23,-1
2023-09-05,1234.98,0.008929373800089957,1,9,1,-19
2023-09-06,1245.5,0.008518356572576158,2,9,2,-18
2023-09-07,1243.14,-0.0018948213568846795,3,9,3,-17
2023-09-08,1241.48,-0.001335328281609538,4,9,4,-16
2023-09-11,1223.63,-0.014378000451074402,0,9,5,-15
2023-09-12,1245.44,0.017824015429500628,1,9,6,-14
2023-09-13,1238.39,-0.005660650051387384,2,9,7,-13
2023-09-14,1223.81,-0.011773350883001465,3,9,8,-12
2023-09-15,1227.36,0.002900777081409567,4,9,9,-11
2023-09-18,1211.81,-0.012669469430321989,0,9,10,-10
2023-09-19,1211.5,-0.00025581568067600813,1,9,11,-9
2023-09-20,1226.11,0.012059430458109643,2,9,12,-8
2023-09-21,1212.74,-0.010904404988133165,3,9,13,-7
2023-09-22,1193.05,-0.016235961541633093,4,9,14,-6
2023-09-25,1153.2,-0.033401785340094636,0,9,15,-5
2023-09-26,1137.96,-0.013215400624349671,1,9,16,-4
2023-09-27,1153.85,0.01396358395725672,2,9,17,-3
2023-09-28,1152.43,-0.0012306625644580294,3,9,18,-2
2023-09-29,1154.15,0.0014924984597763924,4,9,19,-1
2023-10-02,1155.25,0.0009530823549797063,0,10,1,-22
2023-10-03,1118.1,-0.032157541657649946,1,10,2,-21
2023-10-04,1128.67,0.0094535372506932,2,10,3,-20
2023-10-05,1113.89,-0.013095058786004699,3,10,4,-19
2023-10-06,1128.54,0.013152106581439726,4,10,5,-18
2023-10-09,1137.36,0.00781540751767773,0,10,6,-17
2023-10-10,1143.69,0.005565520151930903,1,10,7,-16
2023-10-11,1150.81,0.006225463193697545,2,10,8,-15
2023-10-12,1151.61,0.0006951625376907522,3,10,9,-14
2023-10-13,1154.73,0.0027092505275223555,4,10,10,-13
2023-10-16,1141.42,-0.011526504031245333,0,10,11,-12
2023-10-17,1121.65,-0.017320530567188186,1,10,12,-11
2023-10-18,1103.4,-0.016270672669727593,2,10,13,-10
2023-10-19,1087.85,-0.014092804060177766,3,10,14,-9
2023-10-20,1108.03,0.018550351610975735,4,10,15,-8
2023-10-23,1093.53,-0.013086288277393221,0,10,16,-7
2023-10-24,1105.9,0.01131198961162494,1,10,17,-6
2023-10-25,1101.66,-0.003833981372637685,2,10,18,-5
2023-10-26,1055.45,-0.04194579089737305,3,10,19,-4
2023-10-27,1060.62,0.004898384575299453,4,10,20,-3
2023-10-30,1042.4,-0.01717863136655895,0,10,21,-2
2023-10-31,1028.19,-0.013632003069838916,1,10,22,-1
2023-11-01,1039.66,0.01115552572968026,2,11,1,-22
2023-11-02,1075.47,0.03444395283073298,3,11,2,-21
2023-11-03,1076.78,0.0012180720987102767,4,11,3,-20
2023-11-06,1089.66,0.011961589182562848,0,11,4,-19
2023-11-07,1080.29,-0.008599012536020467,1,11,5,-18
2023-11-08,1113.43,0.03067694785659425,2,11,6,-17
2023-11-09,1113.89,0.0004131377814502457,3,11,7,-16
2023-11-10,1101.68,-0.010961585075725644,4,11,8,-15
2023-11-13,1100.07,-0.00146140440055198,0,11,9,-14
2023-11-14,1109.73,0.008781259374403438,1,11,10,-13
2023-11-15,1122.5,0.01150730357834795,2,11,11,-12
2023-11-16,1125.53,0.002699331848552422,3,11,12,-11
2023-11-17,1101.19,-0.021625367604595103,4,11,13,-10
2023-11-20,1103.66,0.0022430279969851696,0,11,14,-9
2023-11-21,1110.46,0.00616131779714757,1,11,15,-8
2023-11-22,1113.82,0.0030257731030383095,2,11,16,-7
2023-11-23,1088.49,-0.022741556086261605,3,11,17,-6
2023-11-24,1095.61,0.006541171714944394,4,11,18,-5
2023-11-27,1088.06,-0.00689113827000476,0,11,19,-4
2023-11-28,1095.43,0.006773523518923685,1,11,20,-3
2023-11-29,1102.8,0.006727951580657754,2,11,21,-2
2023-11-30,1094.13,-0.007861806311207697,3,11,22,-1
2023-12-01,1102.16,0.007339164450293811,4,12,1,-21
2023-12-04,1120.49,0.016630979168178683,0,12,2,-20
2023-12-05,1115.97,-0.004033949432837414,1,12,3,-19
2023-12-06,1126.43,0.00937301181931427,2,12,4,-18
2023-12-07,1121.49,-0.004385536606802076,3,12,5,-17
2023-12-08,1124.44,0.00263042916120515,4,12,6,-16
2023-12-11,1125.5,0.0009426914730887859,0,12,7,-15
2023-12-12,1127.63,0.0018924922256775556,1,12,8,-14
2023-12-13,1114.2,-0.011909934996408467,2,12,9,-13
2023-12-14,1110.13,-0.0036528450906478938,3,12,10,-12
2023-12-15,1102.3,-0.007053228000324374,4,12,11,-11
2023-12-18,1091.88,-0.009452961988569264,0,12,12,-10
2023-12-19,1096.3,0.0040480638898046095,1,12,13,-9
2023-12-20,1100.76,0.004068229499224696,2,12,14,-8
2023-12-21,1102.43,0.001517133616773858,3,12,15,-7
2023-12-22,1103.06,0.0005714648549113299,4,12,16,-6
2023-12-25,1117.66,0.013235907384911094,0,12,17,-5
2023-12-26,1122.25,0.004106794552905191,1,12,18,-4
2023-12-27,1121.99,-0.00023167743372687344,2,12,19,-3
2023-12-28,1128.93,0.006185438372890983,3,12,20,-2
2023-12-29,1129.93,0.0008857945133888823,4,12,21,-1
2024-01-02,1131.72,0.0015841689308186968,1,1,1,-22
2024-01-03,1144.17,0.01100095429965009,2,1,2,-21
2024-01-04,1150.72,0.00572467378099395,3,1,3,-20
2024-01-05,1154.68,0.0034413236929922153,4,1,4,-19
2024-01-08,1160.19,0.004771884851214159,0,1,5,-18
2024-01-09,1158.59,-0.001379084460303992,1,1,6,-17
2024-01-10,1161.54,0.0025461983963266377,2,1,7,-16
2024-01-11,1162.22,0.0005854296881726562,3,1,8,-15
2024-01-12,1154.7,-0.006470375660374117,4,1,9,-14
2024-01-15,1154.12,-0.0005022949683901601,0,1,10,-13
2024-01-16,1163.12,0.007798149239247154,1,1,11,-12
2024-01-17,1162.53,-0.0005072563450030376,2,1,12,-11
2024-01-18,1169.06,0.005617059344705133,3,1,13,-10
2024-01-19,1181.5,0.01064102783432852,4,1,14,-9
2024-01-22,1182.86,0.001151079136690658,0,1,15,-8
2024-01-23,1177.5,-0.004531390020796944,1,1,16,-7
2024-01-24,1172.97,-0.0038471337579617515,2,1,17,-6
2024-01-25,1170.37,-0.002216595479850425,3,1,18,-5
2024-01-26,1175.67,0.004528482445722348,4,1,19,-4
2024-01-29,1175.69,1.701157637779005e-05,0,1,20,-3
2024-01-30,1179.65,0.0033682348238055493,1,1,21,-2
2024-01-31,1164.31,-0.013003857076251513,2,1,22,-1
2024-02-01,1173.02,0.007480825553332071,3,2,1,-16
2024-02-02,1172.55,-0.0004006751803038444,4,2,2,-15
2024-02-05,1186.06,0.011521896720822156,0,2,3,-14
2024-02-06,1188.48,0.0020403689526669044,1,2,4,-13
2024-02-07,1198.53,0.008456179321486124,2,2,5,-12
2024-02-15,1202.5,0.00331239101232339,3,2,6,-11
2024-02-16,1209.7,0.0059875259875259434,4,2,7,-10
2024-02-19,1224.97,0.012622964371331813,0,2,8,-9
2024-02-20,1230.06,0.0041552038009093906,1,2,9,-8
2024-02-21,1230.04,-1.62593694615909e-05,2,2,10,-7
2024-02-22,1227.31,-0.0022194400182108387,3,2,11,-6
2024-02-23,1212.0,-0.012474435961574493,4,2,12,-5
2024-02-26,1224.17,0.01004125412541268,0,2,13,-4
2024-02-27,1237.46,0.010856335312905863,1,2,14,-3
2024-02-28,1254.55,0.013810547411633456,2,2,15,-2
2024-02-29,1252.73,-0.0014507193814514707,3,2,16,-1
2024-03-01,1258.28,0.004430324172008282,4,3,1,-21
2024-03-04,1261.41,0.002487522649966767,0,3,2,-20
2024-03-05,1269.98,0.006793984509398054,1,3,3,-19
2024-03-06,1262.73,-0.005708751318918459,2,3,4,-18
2024-03-07,1268.46,0.004537787175405761,3,3,5,-17
2024-03-08,1247.35,-0.01664222758305356,4,3,6,-16
2024-03-11,1235.49,-0.009508157293462105,0,3,7,-15
2024-03-12,1245.0,0.0076973508486510855,1,3,8,-14
2024-03-13,1270.51,0.02048995983935753,2,3,9,-13
2024-03-14,1264.26,-0.004919284381862399,3,3,10,-12
2024-03-15,1263.78,-0.00037966873902517406,4,3,11,-11
2024-03-18,1243.56,-0.015999620187057917,0,3,12,-10
2024-03-19,1242.46,-0.0008845572388946898,1,3,13,-9
2024-03-20,1260.08,0.014181543067784741,2,3,14,-8
2024-03-21,1276.42,0.012967430639324595,3,3,15,-7
2024-03-22,1281.8,0.004214913586436886,4,3,16,-6
2024-03-25,1267.86,-0.010875331564986768,0,3,17,-5
2024-03-26,1282.21,0.011318284353162067,1,3,18,-4
2024-03-27,1283.09,0.0006863150341986923,2,3,19,-3
2024-03-28,1290.18,0.005525723059177645,3,3,20,-2
2024-03-29,1284.09,-0.004720271590010761,4,3,21,-1
2024-04-01,1281.52,-0.002001417346136125,0,4,1,-19
2024-04-02,1287.04,0.004307384980335893,1,4,2,-18
2024-04-03,1271.47,-0.01209752610641468,2,4,3,-17
2024-04-04,1268.25,-0.002532501749943017,3,4,4,-16
2024-04-05,1255.11,-0.010360733293908964,4,4,5,-15
2024-04-08,1250.35,-0.00379249627522682,0,4,6,-14
2024-04-09,1262.82,0.00997320750189945,1,4,7,-13
2024-04-10,1258.56,-0.003373402385138058,2,4,8,-12
2024-04-11,1258.2,-0.00028604118993125205,3,4,9,-11
2024-04-12,1276.6,0.014624066126212032,4,4,10,-10
2024-04-15,1216.61,-0.046992010026633224,0,4,11,-9
2024-04-16,1215.68,-0.0007644191647281362,1,4,12,-8
2024-04-17,1193.01,-0.018647999473545673,2,4,13,-7
2024-04-19,1174.85,-0.015222001492024462,4,4,14,-6
2024-04-22,1190.22,0.013082521172915751,0,4,15,-5
2024-04-23,1177.4,-0.010771117944581632,1,4,16,-4
2024-04-24,1205.61,0.023959571938168667,2,4,17,-3
2024-04-25,1204.97,-0.0005308516020934295,3,4,18,-2
2024-04-26,1209.52,0.0037760276189449105,4,4,19,-1
2024-05-02,1216.36,0.0056551359216878705,3,5,1,-22
2024-05-03,1221.03,0.0038393238843763555,4,5,2,-21
2024-05-06,1241.58,0.016830053315643356,0,5,3,-20
2024-05-07,1248.63,0.005678248683129716,1,5,4,-19
2024-05-08,1250.46,0.001465606304509759,2,5,5,-18
2024-05-09,1248.64,-0.0014554643891047103,3,5,6,-17
2024-05-10,1244.7,-0.0031554331112250145,4,5,7,-16
2024-05-13,1240.18,-0.0036313971238048914,0,5,8,-15
2024-05-14,1243.28,0.002499637149445899,1,5,9,-14
2024-05-15,1254.39,0.008936040151856561,2,5,10,-13
2024-05-16,1268.78,0.011471711349739566,3,5,11,-12
2024-05-17,1273.11,0.003412727186746345,4,5,12,-11
2024-05-20,1277.58,0.0035110870231165325,0,5,13,-10
2024-05-21,1277.14,-0.0003444011333927355,1,5,14,-9
2024-05-22,1266.91,-0.008010085033747338,2,5,15,-8
2024-05-23,1281.03,0.011145227364216748,3,5,16,-7
2024-05-24,1261.93,-0.01490987720818393,4,5,17,-6
2024-05-27,1267.68,0.004556512643332011,0,5,18,-5
2024-05-28,1281.73,0.011083238672220164,1,5,19,-4
2024-05-29,1272.64,-0.0070919772494986155,2,5,20,-3
2024-05-30,1266.32,-0.004966054815187415,3,5,21,-2
2024-05-31,1261.72,-0.003632573125276317,4,5,22,-1
2024-06-03,1280.0,0.014488159021018854,0,6,1,-20
2024-06-04,1283.52,0.00275000000000003,1,6,2,-19
2024-06-05,1284.35,0.0006466591872349436,2,6,3,-18
2024-06-06,1283.56,-0.0006150971308443998,3,6,4,-17
2024-06-07,1287.58,0.0031319143631773905,4,6,5,-16
2024-06-10,1290.67,0.002399850883052057,0,6,6,-15
2024-06-11,1284.41,-0.004850194085242565,1,6,7,-14
2024-06-12,1300.19,0.012285796591431142,2,6,8,-13
2024-06-13,1301.51,0.001015236234704009,3,6,9,-12
2024-06-14,1279.91,-0.016596107598097487,4,6,10,-11
2024-06-17,1274.77,-0.004015907368486893,0,6,11,-10
2024-06-18,1279.5,0.0037104732618433722,1,6,12,-9
2024-06-19,1279.79,0.00022665103556063215,2,6,13,-8
2024-06-20,1282.3,0.0019612592690987363,3,6,14,-7
2024-06-21,1282.02,-0.0002183576386181052,4,6,15,-6
2024-06-24,1254.12,-0.021762531005756647,0,6,16,-5
2024-06-25,1256.56,0.001945587344113875,1,6,17,-4
2024-06-26,1261.24,0.003724454065066496,2,6,18,-3
2024-06-27,1259.09,-0.001704671593035445,3,6,19,-2
2024-06-28,1245.32,-0.010936469990231013,4,6,20,-1
2024-07-01,1254.56,0.00741977965502838,0,7,1,-23
2024-07-02,1269.79,0.012139714322152884,1,7,2,-22
2024-07-03,1276.85,0.005559974483969832,2,7,3,-21
2024-07-04,1279.89,0.0023808591455536376,3,7,4,-20
2024-07-05,1283.04,0.0024611490049926132,4,7,5,-19
2024-07-08,1283.56,0.00040528744232437575,0,7,6,-18
2024-07-09,1293.71,0.007907694225435469,1,7,7,-17
2024-07-10,1285.94,-0.006005982793670928,2,7,8,-16
2024-07-11,1283.8,-0.0016641522932641095,3,7,9,-15
2024-07-12,1280.75,-0.002375759464090965,4,7,10,-14
2024-07-15,1279.82,-0.0007261370290845282,0,7,11,-13
2024-07-16,1281.18,0.0010626494350769455,1,7,12,-12
2024-07-17,1268.66,-0.009772241215129762,2,7,13,-11
2024-07-18,1274.44,0.0045559882080306036,3,7,14,-10
2024-07-19,1264.78,-0.007579799755186634,4,7,15,-9
2024-07-22,1254.64,-0.008017204573127268,0,7,16,-8
2024-07-23,1231.81,-0.018196454759931258,1,7,17,-7
2024-07-24,1238.47,0.005406677977934926,2,7,18,-6
2024-07-25,1233.19,-0.004263324908960198,3,7,19,-5
2024-07-26,1242.11,0.00723327305605781,4,7,20,-4
2024-07-29,1246.6,0.0036148167231566664,0,7,21,-3
2024-07-30,1245.06,-0.001235360179688727,1,7,22,-2
2024-07-31,1251.51,0.005180473230205873,2,7,23,-1
2024-08-01,1226.96,-0.019616303505365473,3,8,1,-21
2024-08-02,1236.6,0.007856816848144987,4,8,2,-20
2024-08-05,1188.07,-0.039244703218502375,0,8,3,-19
2024-08-06,1210.28,0.018694184686087523,1,8,4,-18
2024-08-07,1215.88,0.004627028456225091,2,8,5,-17
2024-08-08,1208.32,-0.006217718853834375,3,8,6,-16
2024-08-09,1223.64,0.012678760593220373,4,8,7,-15
2024-08-13,1230.42,0.005540845346670542,1,8,8,-14
2024-08-14,1230.36,-4.8763836738796584e-05,2,8,9,-13
2024-08-15,1223.56,-0.0055268376735264635,3,8,10,-12
2024-08-16,1252.23,0.023431625747817986,4,8,11,-11
2024-08-19,1261.62,0.007498622457535742,0,8,12,-10
2024-08-20,1272.55,0.008663464434615964,1,8,13,-9
2024-08-21,1284.05,0.009036973006954607,2,8,14,-8
2024-08-22,1282.78,-0.0009890580584868136,3,8,15,-7
2024-08-23,1285.32,0.0019800745256395302,4,8,16,-6
2024-08-26,1280.02,-0.004123486758161321,0,8,17,-5
2024-08-27,1280.56,0.00042186840830615857,1,8,18,-4
2024-08-28,1281.44,0.0006871993502843843,2,8,19,-3
2024-08-29,1281.47,2.341116244219954e-05,3,8,20,-2
2024-08-30,1283.87,0.0018728491498043454,4,8,21,-1
2024-09-04,1275.8,-0.006285683129911845,2,9,1,-19
2024-09-05,1268.21,-0.00594920833986512,3,9,2,-18
2024-09-06,1273.96,0.004533949424779804,4,9,3,-17
2024-09-09,1267.73,-0.00489026343056298,0,9,4,-16
2024-09-10,1255.23,-0.00986014372145494,1,9,5,-15
2024-09-11,1253.27,-0.0015614668228133288,2,9,6,-14
2024-09-12,1256.35,0.0024575709942789015,3,9,7,-13
2024-09-13,1251.71,-0.003693238349186001,4,9,8,-12
2024-09-16,1239.26,-0.009946393333919223,0,9,9,-11
2024-09-17,1258.95,0.0158885141132612,1,9,10,-10
2024-09-18,1264.9,0.004726160689463521,2,9,11,-9
2024-09-19,1271.27,0.005035971223021463,3,9,12,-8
2024-09-20,1272.04,0.0006056935190792423,4,9,13,-7
2024-09-23,1268.48,-0.0027986541303731682,0,9,14,-6
2024-09-24,1276.99,0.006708816851664912,1,9,15,-5
2024-09-25,1287.48,0.008214629715189714,2,9,16,-4
2024-09-26,1291.49,0.003114611489110519,3,9,17,-3
2024-09-27,1290.92,-0.0004413506879650253,4,9,18,-2
2024-09-30,1287.94,-0.0023084311963561532,0,9,19,-1
2024-10-01,1292.2,0.00330760749724357,1,10,1,-23
2024-10-02,1287.84,-0.0033740906980344043,2,10,2,-22
2024-10-03,1278.1,-0.00756305131072188,3,10,3,-21
2024-10-04,1270.6,-0.0058680854393240445,4,10,4,-20
2024-10-07,1269.93,-0.0005273099323153119,0,10,5,-19
2024-10-08,1271.98,0.0016142622034285292,1,10,6,-18
2024-10-09,1281.85,0.007759555967861154,2,10,7,-17
2024-10-10,1286.36,0.0035183523813238082,3,10,8,-16
2024-10-11,1288.39,0.0015780963338414278,4,10,9,-15
2024-10-14,1286.34,-0.001591133119630106,0,10,10,-14
2024-10-15,1281.08,-0.0040891210721892834,1,10,11,-13
2024-10-16,1279.48,-0.001248946201642287,2,10,12,-12
2024-10-17,1286.52,0.005502235283083801,3,10,13,-11
2024-10-18,1285.46,-0.000823928116158279,4,10,14,-10
2024-10-21,1279.77,-0.004426431005243314,0,10,15,-9
2024-10-22,1269.89,-0.007720137212155254,1,10,16,-8
2024-10-23,1270.9,0.0007953444786557018,2,10,17,-7
2024-10-24,1257.41,-0.010614525139664766,3,10,18,-6
2024-10-25,1252.72,-0.0037298892167233477,4,10,19,-5
2024-10-28,1254.77,0.0016364391084999763,0,10,20,-4
2024-10-29,1261.78,0.005586681224447609,1,10,21,-3
2024-10-30,1258.63,-0.002496473236221708,2,10,22,-2
2024-10-31,1264.48,0.004647910823673218,3,10,23,-1
2024-11-01,1254.89,-0.00758414526129314,4,11,1,-21
2024-11-04,1244.71,-0.00811226482002414,0,11,2,-20
2024-11-05,1245.76,0.0008435699881899072,1,11,3,-19
2024-11-06,1261.28,0.012458258412535228,2,11,4,-18
2024-11-07,1259.75,-0.0012130534060637022,3,11,5,-17
2024-11-08,1252.56,-0.005707481643183243,4,11,6,-16
2024-11-11,1250.32,-0.001788337484831093,0,11,7,-15
2024-11-12,1244.82,-0.004398873888284638,1,11,8,-14
2024-11-13,1246.04,0.0009800613743353725,2,11,9,-13
2024-11-14,1231.89,-0.01135597573111602,3,11,10,-12
2024-11-15,1218.57,-0.01081265372719975,4,11,11,-11
2024-11-18,1217.12,-0.0011899193316756707,0,11,12,-10
2024-11-19,1205.15,-0.009834691731299916,1,11,13,-9
2024-11-20,1216.54,0.009451105671492988,2,11,14,-8
2024-11-21,1228.33,0.00969141992864997,3,11,15,-7
2024-11-22,1228.1,-0.00018724609836118233,4,11,16,-6
2024-11-25,1234.7,0.0053741551990882375,0,11,17,-5
2024-11-26,1242.13,0.006017656110796299,1,11,18,-4
2024-11-27,1241.97,-0.00012881099401840235,2,11,19,-3
2024-11-28,1242.11,0.00011272413987439833,3,11,20,-2
2024-11-29,1250.46,0.00672243199072553,4,11,21,-1
2024-12-02,1251.21,0.0005997792812244551,0,12,1,-22
2024-12-03,1249.83,-0.0011029323614741848,1,12,2,-21
2024-12-04,1240.41,-0.007537025035404654,2,12,3,-20
2024-12-05,1267.53,0.021863738602558636,3,12,4,-19
2024-12-06,1270.14,0.002059122860997409,4,12,5,-18
2024-12-09,1273.84,0.0029130647015287447,0,12,6,-17
2024-12-10,1272.07,-0.0013894994661809434,1,12,7,-16
2024-12-11,1268.86,-0.002523446036774679,2,12,8,-15
2024-12-12,1267.35,-0.001190044606970031,3,12,9,-14
2024-12-13,1262.57,-0.0037716495048722987,4,12,10,-13
2024-12-16,1263.79,0.0009662830575729586,0,12,11,-12
2024-12-17,1261.72,-0.0016379303523528232,1,12,12,-11
2024-12-18,1266.0,0.0033921947817265874,2,12,13,-10
2024-12-19,1254.67,-0.008949447077409078,3,12,14,-9
2024-12-20,1257.5,0.0022555731786046973,4,12,15,-8
2024-12-23,1262.76,0.004182902584493053,0,12,16,-7
2024-12-24,1260.36,-0.0019005986885869408,1,12,17,-6
2024-12-25,1274.04,0.010854041702370809,2,12,18,-5
2024-12-26,1272.87,-0.0009183385137044864,3,12,19,-4
2024-12-27,1275.14,0.0017833714362034403,4,12,20,-3
2024-12-30,1272.02,-0.002446790156375056,0,12,21,-2
2024-12-31,1266.78,-0.004119432084401242,1,12,22,-1
2025-01-02,1269.71,0.0023129509464943077,3,1,1,-17
2025-01-03,1254.59,-0.011908231013381121,4,1,2,-16
2025-01-06,1246.35,-0.006567882734598518,0,1,3,-15
2025-01-07,1246.95,0.00048140570465760035,1,1,4,-14
2025-01-08,1251.02,0.0032639640723364227,2,1,5,-13
2025-01-09,1245.77,-0.004196575594315077,3,1,6,-12
2025-01-10,1230.48,-0.012273533637830347,4,1,7,-11
2025-01-13,1235.65,0.0042016123789090365,0,1,8,-10
2025-01-14,1229.07,-0.005325132521345144,1,1,9,-9
2025-01-15,1236.18,0.005784861724718704,2,1,10,-8
2025-01-16,1242.36,0.004999271950686612,3,1,11,-7
2025-01-17,1249.11,0.005433207765864978,4,1,12,-6
2025-01-20,1249.55,0.00035225080257150765,0,1,13,-5
2025-01-21,1246.09,-0.0027689968388620034,1,1,14,-4
2025-01-22,1242.53,-0.002856936497363738,2,1,15,-3
2025-01-23,1259.63,0.013762243165155175,3,1,16,-2
2025-01-24,1265.05,0.00430285083715054,4,1,17,-1
2025-02-03,1253.03,-0.00950160072724393,0,2,1,-20
2025-02-04,1264.68,0.00929746294980971,1,2,2,-19
2025-02-05,1269.61,0.0038982193123950903,2,2,3,-18
2025-02-06,1271.48,0.001472893250683338,3,2,4,-17
2025-02-07,1275.2,0.0029257243527227583,4,2,5,-16
2025-02-10,1263.26,-0.00936323713927234,0,2,6,-15
2025-02-11,1268.45,0.004108417902886297,1,2,7,-14
2025-02-12,1266.91,-0.0012140801765934128,2,2,8,-13
2025-02-13,1270.35,0.0027152678564379418,3,2,9,-12
2025-02-14,1276.08,0.004510567953713629,4,2,10,-11
2025-02-17,1272.72,-0.0026330637577580696,0,2,11,-10
2025-02-18,1278.14,0.004258595763404482,1,2,12,-9
2025-02-19,1288.56,0.008152471560235908,2,2,13,-8
2025-02-20,1292.98,0.0034301856335754444,3,2,14,-7
2025-02-21,1296.75,0.0029157450231247495,4,2,15,-6
2025-02-24,1304.56,0.006022749180643938,0,2,16,-5
2025-02-25,1303.16,-0.001073158766173976,1,2,17,-4
2025-02-26,1302.96,-0.00015347309616631222,2,2,18,-3
2025-02-27,1307.8,0.003714619021305321,3,2,19,-2
2025-02-28,1305.36,-0.0018657287046949245,4,2,20,-1
2025-03-03,1309.37,0.0030719495005209208,0,3,1,-21
2025-03-04,1311.91,0.0019398642095054264,1,3,2,-20
2025-03-05,1304.71,-0.0054881813539038315,2,3,3,-19
2025-03-06,1318.22,0.010354791486230752,3,3,4,-18
2025-03-07,1326.05,0.005939827949811072,4,3,5,-17
2025-03-10,1330.28,0.0031899249651219375,0,3,6,-16
2025-03-11,1332.54,0.001698890459151503,1,3,7,-15
2025-03-12,1334.41,0.0014033349843156628,2,3,8,-14
2025-03-13,1326.27,-0.00610007419009162,3,3,9,-13
2025-03-14,1326.15,-9.047931416672483e-05,4,3,10,-12
2025-03-17,1336.26,0.007623571994118228,0,3,11,-11
2025-03-18,1330.97,-0.00395881041114754,1,3,12,-10
2025-03-19,1324.63,-0.004763443203077422,2,3,13,-9
2025-03-20,1323.93,-0.0005284494538098095,3,3,14,-8
2025-03-21,1321.88,-0.0015484202336981667,4,3,15,-7
2025-03-24,1330.32,0.006384845825642138,0,3,16,-6
2025-03-25,1331.92,0.001202718143003212,1,3,17,-5
2025-03-26,1326.09,-0.004377139768154348,2,3,18,-4
2025-03-27,1323.81,-0.001719340316268081,3,3,19,-3
2025-03-28,1317.46,-0.0047967608644744475,4,3,20,-2
2025-03-31,1306.86,-0.008045785071273626,0,3,21,-1
2025-04-01,1317.33,0.008011569716725564,1,4,1,-20
2025-04-02,1317.83,0.0003795556162844438,2,4,2,-19
2025-04-03,1229.84,-0.06676885485988326,3,4,3,-18
2025-04-04,1210.67,-0.015587393482078826,4,4,4,-17
2025-04-08,1132.79,-0.06432801671801569,1,4,5,-16
2025-04-09,1094.3,-0.03397805418480038,2,4,6,-15
2025-04-10,1168.34,0.06765969112674775,3,4,7,-14
2025-04-11,1222.46,0.04632213225602144,4,4,8,-13
2025-04-14,1241.44,0.015526070382670953,0,4,9,-12
2025-04-15,1227.79,-0.010995295785539483,1,4,10,-11
2025-04-16,1210.3,-0.014245107062282658,2,4,11,-10
2025-04-17,1217.25,0.005742377922829167,3,4,12,-9
2025-04-18,1219.12,0.0015362497432735989,4,4,13,-8
2025-04-21,1207.07,-0.009884178751886519,0,4,14,-7
2025-04-22,1197.13,-0.008234816539222978,1,4,15,-6
2025-04-23,1211.0,0.01158604328686108,2,4,16,-5
2025-04-24,1223.35,0.010198183319570564,3,4,17,-4
2025-04-25,1229.23,0.00480647402623946,4,4,18,-3
2025-04-28,1226.8,-0.0019768472946478655,0,4,19,-2
2025-04-29,1226.3,-0.0004075643951744201,1,4,20,-1
2025-05-05,1240.05,0.011212590720052207,0,5,1,-20
2025-05-06,1241.95,0.0015321962824079716,1,5,2,-19
2025-05-07,1250.37,0.006779661016949046,2,5,3,-18
2025-05-08,1269.8,0.015539400337500231,3,5,4,-17
2025-05-09,1267.3,-0.001968813986454543,4,5,5,-16
2025-05-12,1283.26,0.012593703148425783,0,5,6,-15
2025-05-13,1293.43,0.00792512818914326,1,5,7,-14
2025-05-14,1309.73,0.012602150870166806,2,5,8,-13
2025-05-15,1313.2,0.0026494010215847297,3,5,9,-12
2025-05-16,1301.39,-0.008993298812062123,4,5,10,-11
2025-05-19,1296.29,-0.003918886728805471,0,5,11,-10
2025-05-20,1315.15,0.01454921352475158,1,5,12,-9
2025-05-21,1323.05,0.006006919362810281,2,5,13,-8
2025-05-22,1313.84,-0.006961188163712606,3,5,14,-7
2025-05-23,1314.46,0.00047189916580414604,4,5,15,-6
2025-05-26,1332.51,0.013731874686182977,0,5,16,-5
2025-05-27,1339.81,0.005478382901441536,1,5,17,-4
2025-05-28,1341.87,0.0015375314410250862,2,5,18,-3
2025-05-29,1341.86,-7.452286734155322e-06,3,5,19,-2
2025-05-30,1332.6,-0.006900868943108818,4,5,20,-1
2025-06-02,1336.3,0.0027765270898993943,0,6,1,-21
2025-06-03,1347.25,0.008194267754246809,1,6,2,-20
2025-06-04,1345.74,-0.0011208016329560255,2,6,3,-19
2025-06-05,1342.09,-0.0027122623983830696,3,6,4,-18
2025-06-06,1329.89,-0.009090299458307416,4,6,5,-17
2025-06-09,1310.57,-0.014527517313462135,0,6,6,-16
2025-06-10,1316.23,0.0043187315442898555,1,6,7,-15
2025-06-11,1315.2,-0.0007825380062754794,2,6,8,-14
2025-06-12,1322.99,0.005923053527980615,3,6,9,-13
2025-06-13,1315.49,-0.0056689770897738745,4,6,10,-12
2025-06-16,1338.11,0.01719511360785697,0,6,11,-11
2025-06-17,1347.69,0.0071593516228114495,1,6,12,-10
2025-06-18,1346.83,-0.0006381289465678952,2,6,13,-9
2025-06-19,1352.04,0.0038683427010091087,3,6,14,-8
2025-06-20,1349.35,-0.001989586106919905,4,6,15,-7
2025-06-23,1358.18,0.006543891503316468,0,6,16,-6
2025-06-24,1366.77,0.006324640327497022,1,6,17,-5
2025-06-25,1366.75,-1.4633039940870063e-05,2,6,18,-4
2025-06-26,1365.67,-0.0007901957197731235,3,6,19,-3
2025-06-27,1371.44,0.004225032401678375,4,6,20,-2
2025-06-30,1376.07,0.003376013533220368,0,6,21,-1
2025-07-01,1377.84,0.0012862717739650087,1,7,1,-23
2025-07-02,1384.59,0.0048989723044765565,2,7,2,-22
2025-07-03,1381.96,-0.0018994792682309747,3,7,3,-21
2025-07-04,1386.97,0.0036252858259284704,4,7,4,-20
2025-07-07,1402.06,0.010879831575304477,0,7,5,-19
2025-07-08,1415.46,0.009557365590630917,1,7,6,-18
2025-07-09,1431.32,0.011204838003193274,2,7,7,-17
2025-07-10,1445.64,0.010004750859346823,3,7,8,-16
2025-07-11,1457.76,0.008383829999169867,4,7,9,-15
2025-07-14,1470.42,0.008684557128745496,0,7,10,-14
2025-07-15,1460.65,-0.0066443601147970766,1,7,11,-13
2025-07-16,1475.47,0.010146167802005834,2,7,12,-12
2025-07-17,1490.01,0.00985448704480607,3,7,13,-11
2025-07-18,1497.28,0.004879161884819627,4,7,14,-10
2025-07-21,1485.05,-0.008168144902756969,0,7,15,-9
2025-07-22,1509.54,0.01649102723814022,1,7,16,-8
2025-07-23,1512.31,0.0018349960915244878,2,7,17,-7
2025-07-24,1521.02,0.0057594011809747325,3,7,18,-6
2025-07-25,1531.13,0.006646855399666141,4,7,19,-5
2025-07-28,1557.42,0.017170325184667545,0,7,20,-4
2025-07-29,1493.41,-0.04110002439932714,1,7,21,-3
2025-07-30,1507.63,0.00952183258448791,2,7,22,-2
2025-07-31,1502.52,-0.003389425787494349,3,7,23,-1
2025-08-01,1495.21,-0.004865159864760549,4,8,1,-21
2025-08-04,1528.19,0.02205710234682745,0,8,2,-20
2025-08-05,1547.15,0.012406834228728236,1,8,3,-19
2025-08-06,1573.71,0.017167049090262676,2,8,4,-18
2025-08-07,1581.81,0.005147072840612221,3,8,5,-17
2025-08-08,1584.95,0.0019850677388562055,4,8,6,-16
2025-08-11,1596.86,0.007514432631944068,0,8,7,-15
2025-08-12,1608.22,0.007113961148754511,1,8,8,-14
2025-08-13,1611.6,0.0021017025033887027,2,8,9,-13
2025-08-14,1640.69,0.018050384710846412,3,8,10,-12
2025-08-15,1630.0,-0.006515551383869056,4,8,11,-11
2025-08-18,1636.37,0.003907975460122559,0,8,12,-10
2025-08-19,1654.2,0.010896068737510589,1,8,13,-9
2025-08-20,1664.36,0.0061419417240962115,2,8,14,-8
2025-08-21,1688.0,0.014203657862481789,3,8,15,-7
2025-08-22,1645.47,-0.025195497630331687,4,8,16,-6
2025-08-25,1614.03,-0.019107002862404077,0,8,17,-5
2025-08-26,1667.63,0.03320880033208806,1,8,18,-4
2025-08-27,1672.78,0.0030882150117230722,2,8,19,-3
2025-08-28,1680.86,0.004830282523702989,3,8,20,-2
2025-08-29,1682.21,0.0008031602869960075,4,8,21,-1
2025-09-03,1681.3,-0.0005409550531741969,2,9,1,-20
2025-09-04,1696.29,0.008915719978588088,3,9,2,-19
2025-09-05,1666.97,-0.01728478031468672,4,9,3,-18
2025-09-08,1624.53,-0.025459366395316096,0,9,4,-17
2025-09-09,1637.32,0.007873046358023439,1,9,5,-16
2025-09-10,1643.26,0.0036278797058608703,2,9,6,-15
2025-09-11,1657.75,0.008817837712839172,3,9,7,-14
2025-09-12,1667.26,0.005736691298446672,4,9,8,-13
2025-09-15,1684.9,0.010580233436896513,0,9,9,-12
2025-09-16,1680.9,-0.002374028132233419,1,9,10,-11
2025-09-17,1670.97,-0.005907549527039091,2,9,11,-10
2025-09-18,1665.18,-0.0034650532325535277,3,9,12,-9
2025-09-19,1658.62,-0.003939514046529591,4,9,13,-8
2025-09-22,1634.45,-0.014572355331540554,0,9,14,-7
2025-09-23,1635.26,0.0004955795527548101,1,9,15,-6
2025-09-24,1657.46,0.0135758228049363,2,9,16,-5
2025-09-25,1666.09,0.005206762154139399,3,9,17,-4
2025-09-26,1660.7,-0.003235119351295501,4,9,18,-3
2025-09-29,1666.48,0.0034804600469682256,0,9,19,-2
2025-09-30,1661.7,-0.0028683212519802215,1,9,20,-1
2025-10-01,1665.05,0.0020160077029547363,2,10,1,-23
2025-10-02,1652.71,-0.007411188853187589,3,10,2,-22
2025-10-03,1645.82,-0.004168910456159969,4,10,3,-21
2025-10-06,1695.5,0.03018556099694991,0,10,4,-20
2025-10-07,1685.3,-0.006015924506045489,1,10,5,-19
2025-10-08,1697.83,0.0074348780632527145,2,10,6,-18
2025-10-09,1716.47,0.010978719895395894,3,10,7,-17
2025-10-10,1747.55,0.018106928754944684,4,10,8,-16
2025-10-13,1765.12,0.010054075705988375,0,10,9,-15
2025-10-14,1761.06,-0.002300126903553301,1,10,10,-14
2025-10-15,1757.95,-0.0017659818518391823,2,10,11,-13
2025-10-16,1766.85,0.005062715094285908,3,10,12,-12
2025-10-17,1731.19,-0.02018281121770371,4,10,13,-11
2025-10-20,1636.43,-0.054736915069980796,0,10,14,-10
2025-10-21,1663.43,0.016499330860470618,1,10,15,-9
2025-10-22,1678.5,0.009059593731025606,2,10,16,-8
2025-10-23,1687.06,0.005099791480488447,3,10,17,-7
2025-10-24,1683.18,-0.0022998589261792324,4,10,18,-6
2025-10-27,1652.54,-0.01820363835121619,0,10,19,-5
2025-10-28,1680.5,0.016919408909920497,1,10,20,-4
2025-10-29,1685.83,0.0031716750966974683,2,10,21,-3
2025-10-30,1669.57,-0.009645100632922676,3,10,22,-2
2025-10-31,1639.65,-0.017920781997759816,4,10,23,-1
2025-11-03,1617.0,-0.013813923703229425,0,11,1,-20
2025-11-04,1651.98,0.021632653061224527,1,11,2,-19
2025-11-05,1654.89,0.0017615225365925635,2,11,3,-18
2025-11-06,1642.64,-0.007402304684903549,3,11,4,-17
2025-11-07,1599.1,-0.026506112112209768,4,11,5,-16
2025-11-10,1580.54,-0.011606528672378214,0,11,6,-15
2025-11-11,1593.61,0.008269325673504024,1,11,7,-14
2025-11-12,1631.86,0.02400210842050443,2,11,8,-13
2025-11-13,1631.44,-0.0002573750199158509,3,11,9,-12
2025-11-14,1635.46,0.002464080812043301,4,11,10,-11
2025-11-17,1654.42,0.011593068616780666,0,11,11,-10
2025-11-18,1659.92,0.003324427896181037,1,11,12,-9
2025-11-19,1649.0,-0.006578630295435928,2,11,13,-8
2025-11-20,1655.99,0.004238932686476682,3,11,14,-7
2025-11-21,1654.93,-0.000640100483698558,4,11,15,-6
2025-11-24,1667.98,0.007885529901566768,0,11,16,-5
2025-11-25,1660.36,-0.004568400100720682,1,11,17,-4
2025-11-26,1680.36,0.012045580476523154,2,11,18,-3
2025-11-27,1684.32,0.002356637863315081,3,11,19,-2
2025-11-28,1690.99,0.003960055096418724,4,11,20,-1
2025-12-01,1701.67,0.006315826823340309,0,12,1,-23
2025-12-02,1717.06,0.009044056720750815,1,12,2,-22
2025-12-03,1731.77,0.008566969121638124,2,12,3,-21
2025-12-04,1737.24,0.0031586180612899195,3,12,4,-20
2025-12-05,1741.32,0.002348552876977328,4,12,5,-19
2025-12-08,1753.74,0.00713252015712218,0,12,6,-18
2025-12-09,1747.17,-0.003746279380067663,1,12,7,-17
2025-12-10,1718.98,-0.016134663484377643,2,12,8,-16
2025-12-11,1698.9,-0.01168134591443759,3,12,9,-15
2025-12-12,1646.89,-0.030613926658425994,4,12,10,-14
2025-12-15,1646.01,-0.000534340484185436,0,12,11,-13
2025-12-16,1679.18,0.02015176092490334,1,12,12,-12
2025-12-17,1673.66,-0.0032873188103716977,2,12,13,-11
2025-12-18,1676.98,0.0019836764934335616,3,12,14,-10
2025-12-19,1704.31,0.016297153215899973,4,12,15,-9
2025-12-22,1751.03,0.027412853295468498,0,12,16,-8
2025-12-23,1772.15,0.012061472390535899,1,12,17,-7
2025-12-24,1782.82,0.006020935022430285,2,12,18,-6
2025-12-25,1742.85,-0.022419537586520266,3,12,19,-5
2025-12-26,1729.8,-0.007487735605473778,4,12,20,-4
2025-12-29,1754.84,0.014475661926234284,0,12,21,-3
2025-12-30,1766.9,0.006872421417337238,1,12,22,-2
2025-12-31,1784.49,0.009955288924104355,2,12,23,-1
2026-01-05,1788.4,0.002191102219681884,0,1,1,-20
2026-01-06,1816.27,0.015583762021919023,1,1,2,-19
2026-01-07,1861.58,0.024946731488159735,2,1,3,-18
2026-01-08,1855.56,-0.003233812138076275,3,1,4,-17
2026-01-09,1867.9,0.0066502834723749515,4,1,5,-16
2026-01-12,1877.33,0.0050484501311631735,0,1,6,-15
2026-01-13,1902.93,0.013636387848700027,1,1,7,-14
2026-01-14,1894.44,-0.004461540886948057,2,1,8,-13
2026-01-15,1864.8,-0.015645784506239324,3,1,9,-12
2026-01-16,1879.13,0.007684470184470271,4,1,10,-11
2026-01-19,1896.59,0.009291533848110545,0,1,11,-10
2026-01-20,1893.78,-0.001481606462124141,1,1,12,-9
2026-01-21,1885.44,-0.004403890631435536,2,1,13,-8
2026-01-22,1882.73,-0.0014373302783435848,3,1,14,-7
2026-01-23,1870.79,-0.006341854647241019,4,1,15,-6
2026-01-26,1843.72,-0.014469822909038421,0,1,16,-5
2026-01-27,1830.5,-0.007170286160588346,1,1,17,-4
2026-01-28,1802.91,-0.0150723845943731,2,1,18,-3
2026-01-29,1814.98,0.006694732404834314,3,1,19,-2
2026-01-30,1829.04,0.0077466418362737155,4,1,20,-1
2026-02-02,1806.5,-0.012323404627564205,0,2,1,-15
2026-02-03,1813.4,0.0038195405480210276,1,2,2,-14
2026-02-04,1791.43,-0.01211536340575714,2,2,3,-13
2026-02-05,1782.56,-0.004951351713435748,3,2,4,-12
2026-02-06,1755.49,-0.015186024593842551,4,2,5,-11
2026-02-09,1754.82,-0.0003816598214744227,0,2,6,-10
2026-02-10,1754.03,-0.00045018862333456866,1,2,7,-9
2026-02-11,1796.85,0.024412353266477727,2,2,8,-8
2026-02-12,1814.09,0.009594568272254245,3,2,9,-7
2026-02-13,1824.09,0.005512405668957943,4,2,10,-6
2026-02-23,1860.14,0.0197632792241611,0,2,11,-5
2026-02-24,1867.62,0.0040212027051726995,1,2,12,-4
2026-02-25,1860.91,-0.0035928079587923545,2,2,13,-3
2026-02-26,1879.64,0.010064968214475778,3,2,14,-2
2026-02-27,1880.33,0.0003670915707261191,4,2,15,-1
2026-03-02,1846.1,-0.018204251381406467,0,3,1,-22
2026-03-03,1813.14,-0.01785385407074358,1,3,2,-21
2026-03-04,1818.27,0.0028293457758363783,2,3,3,-20
2026-03-05,1808.51,-0.005367739664626225,3,3,4,-19
2026-03-06,1767.84,-0.02248812558404434,4,3,5,-18
2026-03-09,1652.79,-0.06507941895194136,0,3,6,-17
2026-03-10,1676.73,0.014484598769353596,1,3,7,-16
2026-03-11,1728.34,0.030780149457575012,2,3,8,-15
2026-03-12,1709.61,-0.01083698809262068,3,3,9,-14
2026-03-13,1696.24,-0.007820497072431709,4,3,10,-13
2026-03-16,1693.21,-0.0017863038249303909,0,3,11,-12
2026-03-17,1710.29,0.010087348881709923,1,3,12,-11
2026-03-18,1713.83,0.0020698244157424384,2,3,13,-10
2026-03-19,1699.13,-0.008577280126967013,3,3,14,-9
2026-03-20,1647.81,-0.03020369247791521,4,3,15,-8
2026-03-23,1591.17,-0.034372894933275,0,3,16,-7
2026-03-24,1614.77,0.014831853290345975,1,3,17,-6
2026-03-25,1658.19,0.02688927834923871,2,3,18,-5
2026-03-26,1644.63,-0.008177591228990644,3,3,19,-4
2026-03-27,1672.8,0.01712847266558426,4,3,20,-3
2026-03-30,1662.54,-0.00613342898134861,0,3,21,-2
2026-03-31,1674.49,0.0071877969853357815,1,3,22,-1
2026-04-01,1702.93,0.016984275809351024,2,4,1,-20
2026-04-02,1694.82,-0.004762380133064847,3,4,2,-19
2026-04-03,1684.04,-0.006360557463329419,4,4,3,-18
2026-04-06,1674.99,-0.005373981615638512,0,4,4,-17
2026-04-07,1677.54,0.0015223971486397758,1,4,5,-16
2026-04-08,1756.55,0.04709872789918568,2,4,6,-15
2026-04-09,1736.68,-0.011311946713728593,3,4,7,-14
2026-04-10,1750.0,0.007669806757721664,4,4,8,-13
2026-04-13,1758.96,0.005120000000000013,0,4,9,-12
2026-04-14,1775.65,0.00948856142265897,1,4,10,-11
2026-04-15,1800.65,0.014079351223495573,2,4,11,-10
2026-04-16,1819.83,0.010651709105045315,3,4,12,-9
2026-04-17,1817.17,-0.0014616749916199767,4,4,13,-8
2026-04-20,1837.11,0.010973106533785915,0,4,14,-7
2026-04-21,1833.48,-0.00197592958505477,1,4,15,-6
2026-04-22,1857.3,0.01299168793769212,2,4,16,-5
2026-04-23,1870.36,0.007031712701232928,3,4,17,-4
2026-04-24,1853.29,-0.009126585256314268,4,4,18,-3
2026-04-28,1875.84,0.012167550680141748,1,4,19,-2
2026-04-29,1854.1,-0.011589474582053949,2,4,20,-1
2026-05-04,1854.06,-2.1573809395381005e-05,0,5,1,-20
2026-05-05,1874.85,0.011213229345328646,1,5,2,-19
2026-05-06,1891.2,0.008720697655812515,2,5,3,-18
2026-05-07,1909.01,0.00941730118443318,3,5,4,-17
2026-05-08,1915.37,0.003331569766528153,4,5,5,-16
2026-05-11,1895.5,-0.010373974741172631,0,5,6,-15
2026-05-12,1901.1,0.002954365602743314,1,5,7,-14
2026-05-13,1898.37,-0.0014360107306296,2,5,8,-13
2026-05-14,1925.46,0.014270137012279083,3,5,9,-12
2026-05-15,1921.6,-0.002004715756234954,4,5,10,-11
2026-05-18,1927.94,0.0032993338884264034,0,5,11,-10
2026-05-19,1912.93,-0.007785511997261296,1,5,12,-9
2026-05-20,1913.23,0.00015682748453937911,2,5,13,-8
2026-05-21,1896.89,-0.008540530934597501,3,5,14,-7
2026-05-22,1877.13,-0.010417051067800442,4,5,15,-6
2026-05-25,1886.03,0.004741280571936901,0,5,16,-5
2026-05-26,1884.18,-0.0009808963802272475,1,5,17,-4
2026-05-27,1874.43,-0.0051746648409387586,2,5,18,-3
2026-05-28,1863.67,-0.005740411751839258,3,5,19,-2
2026-05-29,1863.49,-9.658362263709197e-05,4,5,20,-1
2026-06-01,1844.54,-0.010169091328636082,0,6,1,-22
2026-06-02,1826.47,-0.009796480423303389,1,6,2,-21
2026-06-03,1819.01,-0.0040843813476268975,2,6,3,-20
2026-06-04,1831.55,0.006893859846839767,3,6,4,-19
2026-06-05,1838.9,0.004012994458245878,4,6,5,-18
2026-06-08,1790.53,-0.026303768557289775,0,6,6,-17
2026-06-09,1793.05,0.0014074045115133327,1,6,7,-16
2026-06-10,1803.71,0.005945177212013153,2,6,8,-15
2026-06-11,1798.61,-0.002827505530268226,3,6,9,-14
2026-06-12,1791.65,-0.00386965490017277,4,6,10,-13
2026-06-15,1799.31,0.00427538860826604,0,6,11,-12
2026-06-16,1807.94,0.004796283019601999,1,6,12,-11
2026-06-17,1806.2,-0.0009624213192915843,2,6,13,-10
2026-06-18,1830.47,0.013437050160558073,3,6,14,-9
2026-06-19,1824.53,-0.003245068206526258,4,6,15,-8
2026-06-22,1857.91,0.0182951225795136,0,6,16,-7
2026-06-23,1869.04,0.005990602343493467,1,6,17,-6
2026-06-24,1878.02,0.004804605572914511,2,6,18,-5
2026-06-25,1863.07,-0.007960511602645326,3,6,19,-4
2026-06-26,1871.91,0.004744856607642234,4,6,20,-3
2026-06-29,1854.97,-0.009049580375124933,0,6,21,-2
2026-06-30,1860.01,0.0027170250731818335,1,6,22,-1
2026-07-01,1867.21,0.0038709469303928046,2,7,1,-3
2026-07-02,1866.35,-0.00046058022397055254,3,7,2,-2
2026-07-03,1862.08,-0.0022878881238781457,4,7,3,-1