date,open,high,low,close,volume
2018-01-02,91.39,93.08,91.39,91.89,980460
2018-01-03,91.95,92.58,91.21,92.39,1513290
2018-01-04,92.2,92.95,91.77,92.76,920310
2018-01-05,92.83,93.01,92.08,92.76,873240
2018-01-08,92.76,92.89,92.02,92.51,736320
2018-01-09,92.58,92.7,90.33,91.89,1143400
2018-01-10,91.89,92.14,91.08,91.33,714190
2018-01-11,91.64,95.88,91.58,95.88,1699720
2018-01-12,96.88,96.88,94.88,96.88,1191440
2018-01-15,96.88,100.3,95.94,100.24,1292970
2018-01-16,100.61,101.86,99.99,100.61,1099830
2018-01-17,99.68,102.36,98.5,99.68,1155210
2018-01-18,97.87,102.11,97.87,102.11,1298160
2018-01-19,102.3,109.21,102.23,109.21,1812660
2018-01-22,110.33,116.39,110.02,116.39,570120
2018-01-25,124.5,124.5,124.5,124.5,530560
2018-01-26,133.17,133.17,115.89,118.57,2152820
2018-01-29,117.95,123.56,115.45,118.26,1897530
2018-01-30,118.26,121.69,114.27,121.69,1871290
2018-01-31,121.69,122,119.7,120.44,990200
2018-02-01,118.57,120.76,118.57,119.82,971750
2018-02-02,119.2,122,117.14,121.38,1489490
2018-02-05,117.95,121.07,115.45,115.45,697110
2018-02-06,107.4,107.4,107.4,107.4,1108080
2018-02-07,108.59,114.89,108.59,114.89,1148220
2018-02-08,115.01,118.57,112.33,114.83,437070
2018-02-09,110.46,115.45,107.65,115.45,741110
2018-02-12,116.08,122.88,116.08,122.88,1243970
2018-02-13,122.94,124.75,121.69,124.19,1883320
2018-02-21,124.31,126,124.06,124.19,837950
2018-02-22,124.19,124.19,119.88,121.69,655290
2018-02-23,121.69,122.44,120.26,121.69,748690
2018-02-26,121.82,123.56,121.44,121.75,920690
2018-02-27,121.82,127.12,121.82,125.44,1123280
2018-02-28,124.87,125.44,123.31,124.81,500780
2018-03-01,124.19,127.25,123.25,125.12,639280
2018-03-02,124.5,126.5,123.31,126.06,593610
2018-03-05,126.06,132.93,126.06,126.68,1197870
2018-03-06,127.31,130.93,126.68,130.93,686330
2018-03-07,130.93,131.68,128.56,129.49,459640
2018-03-08,129.74,131.68,128.24,130.43,703940
2018-03-09,130.74,132.61,130.43,130.43,692510
2018-03-12,130.43,132.24,130.43,130.99,544480
2018-03-13,130.99,131.36,125.44,128.56,931120
2018-03-14,129.18,130.12,126.68,128.87,1047430
2018-03-15,128.87,129.8,127.37,128.24,594820
2018-03-16,128.43,129.18,127.25,127.31,796950
2018-03-19,128.24,130.37,127.75,129.49,909580
2018-03-20,129.18,129.8,127.31,127.87,840590
2018-03-21,127.93,128.24,126.68,126.68,916790
2018-03-22,127.25,130.8,127.25,130.37,1005970
2018-03-23,126.68,130.05,126.68,130.05,554530
2018-03-26,130.43,136.05,130.43,135.98,1686310
2018-03-27,137.29,138.98,136.98,138.54,785100
2018-03-28,138.54,140.85,137.61,140.41,630320
2018-03-29,140.41,140.91,138.23,138.54,566610
2018-03-30,138.54,140.73,138.48,139.73,721770
2018-04-02,139.91,143.16,139.91,142.35,620070
2018-04-03,142.35,142.85,138.54,140.41,863160
2018-04-04,140.73,141.66,137.92,137.92,935260
2018-04-05,137.92,139.1,135.42,136.05,916470
2018-04-06,136.36,137.92,134.24,136.05,1138030
2018-04-09,137.29,138.1,134.61,136.05,1170690
2018-04-10,136.3,137.29,134.49,135.42,960130
2018-04-11,136.05,136.05,126,132.93,1127450
2018-04-12,132.3,133.55,129.8,131.05,737770
2018-04-13,131.68,133.24,131.36,132.18,597990
2018-04-16,132.3,133.05,131.49,132.18,375480
2018-04-17,132.18,133.24,131.05,131.05,484220
2018-04-18,131.68,131.99,130.12,130.93,603200
2018-04-19,131.05,131.68,122.94,122.94,1016210
2018-04-20,122.94,125,121.07,122.13,862320
2018-04-23,123.56,128.49,122.94,122.94,831900
2018-04-24,123.31,124.19,114.39,121.69,1019230
2018-04-26,122.32,122.94,113.39,119.82,854670
2018-04-27,118.57,118.57,114.2,116.7,513380
2018-05-02,117.01,117.32,112.08,112.08,944470
2018-05-03,112.08,112.08,106.03,107.96,598900
2018-05-04,112.96,114.14,108.59,110.46,507250
2018-05-07,111.71,114.2,110.15,114.2,727630
2018-05-08,114.52,118.51,114.33,117.26,667910
2018-05-09,117.89,124.79,116.38,121.78,584740
2018-05-10,122.28,123.85,117.89,120.46,864480
2018-05-11,119.83,119.83,116.01,119.08,340050
2018-05-14,119.77,121.02,118.83,120.52,567850
2018-05-15,121.65,124.1,121.02,123.53,608830
2018-05-16,123.41,123.47,121.09,122.15,310720
2018-05-17,122.28,122.28,116.45,117.89,576390
2018-05-18,117.26,121.02,109.67,119.14,977940
2018-05-21,120.08,121.02,114.88,115.38,413480
2018-05-22,109.74,114.69,108.17,110.93,592970
2018-05-23,110.93,111.62,108.23,111.62,585560
2018-05-24,112.24,112.81,105.97,107.54,621940
2018-05-25,107.54,107.54,100.02,100.02,813960
2018-05-28,95.94,98.45,93.06,93.06,361800
2018-05-29,86.85,98.45,86.85,95.31,754060
2018-05-30,94.69,95.31,89.86,92.18,439930
2018-05-31,94.06,94.69,92.24,93.31,543160
2018-06-01,94.69,99.83,94.69,99.83,538240
2018-06-04,103.47,106.79,102.21,106.79,374270
2018-06-05,108.48,111.3,106.91,108.48,493730
2018-06-06,106.6,109.49,105.35,109.49,359580
2018-06-07,109.49,113.81,109.49,112.24,718930
2018-06-08,112.31,112.56,111.3,112.24,592360
2018-06-11,112.24,117.26,110.36,115.38,635790
2018-06-12,114.75,115.25,107.73,112.24,622950
2018-06-13,112.24,114.44,111.93,112.68,378700
2018-06-14,109.8,112.56,109.74,109.74,419150
2018-06-15,109.67,110.3,107.86,108.48,451400
2018-06-18,109.11,109.67,101.58,103.47,477110
2018-06-19,103.47,103.47,97.13,100.33,594620
2018-06-20,100.33,106.6,98.45,106.6,808530
2018-06-21,106.6,111.62,103.53,108.55,391470
2018-06-22,109.11,110.99,106.91,109.67,563210
2018-06-25,109.92,110.68,107.92,108.48,349460
2018-06-26,107.23,108.48,105.97,108.42,241050
2018-06-27,108.42,108.42,106.98,106.98,347200
2018-06-28,107.23,107.23,104.09,104.16,475360
2018-06-29,105.28,107.69,104.91,106.64,465340
2018-07-02,106.64,106.79,104.08,104.53,254710
2018-07-03,104.53,105.06,99.27,100.02,339540
2018-07-04,99.27,100.02,96.26,98.52,394580
2018-07-05,98.89,102.43,94.76,97.39,531600
2018-07-06,97.76,100.4,95.51,99.94,502440
2018-07-09,100.02,101,96.86,98.14,413180
2018-07-10,98.29,101.15,97.39,100.4,717010
2018-07-11,99.19,99.19,96.26,98.29,402490
2018-07-12,98.36,99.19,96.26,98.06,352960
2018-07-13,98.52,98.89,96.71,98.52,356980
2018-07-16,99.64,100.62,98.29,99.27,421900
2018-07-17,99.27,99.42,97.99,99.34,393240
2018-07-18,100.4,101.15,100.02,101.15,999370
2018-07-19,102.2,107.84,101.9,105.28,1193840
2018-07-20,105.66,107.46,98.52,98.52,714380
2018-07-23,103.03,105.28,102.28,105.28,824950
2018-07-24,105.66,105.96,101.52,103.48,736570
2018-07-25,103.78,104.53,100.55,102.28,613650
2018-07-26,103.03,103.4,100.32,102.95,743270
2018-07-27,103.78,103.78,102.05,103.4,634770
2018-07-30,103.78,108.67,103.48,108.67,1590960
2018-07-31,107.16,109.42,106.79,108.59,878870
2018-08-01,108.59,109.04,106.34,107.54,594010
2018-08-02,107.54,109.8,105.81,109.8,914610
2018-08-03,110.55,112.05,109.19,111.3,1113820
2018-08-06,111.3,111.68,110.17,111.22,419070
2018-08-07,111.07,111.15,109.95,110.47,496310
2018-08-08,110.55,111.9,110.25,110.92,514700
2018-08-09,111.3,113.48,111.3,112.95,819990
2018-08-10,112.95,114.68,112.05,114.61,640740
2018-08-13,114.61,116.79,113.93,115.81,774760
2018-08-14,115.81,116.56,113.86,116.11,804390
2018-08-15,116.19,116.19,111.3,112.05,682950
2018-08-16,112.05,112.05,108.29,111.98,774200
2018-08-17,112.65,114.23,112.5,113.56,518380
2018-08-20,113.56,114.23,112.05,113.56,521820
2018-08-21,113.56,114.68,113.18,114.31,547170
2018-08-22,115.06,115.81,113.48,114.23,597400
2018-08-23,114.23,114.68,113.18,113.56,643710
2018-08-24,113.71,114.61,113.18,114.16,591390
2018-08-27,114.83,115.21,114.31,115.06,1087390
2018-08-28,115.06,117.17,114.98,116.71,1151770
2018-08-29,116.94,117.32,115.96,116.86,607750
2018-08-30,116.56,117.99,115.96,117.99,1074030
2018-08-31,118.14,118.82,116.94,117.32,1061020
2018-09-04,117.32,117.69,109.12,109.12,524240
2018-09-05,112.47,114.38,112.09,114,949760
2018-09-06,114,114.69,110.57,112.09,562370
2018-09-07,112.09,113.01,111.94,112.47,360100
2018-09-10,112.7,113.01,112.09,112.4,320600
2018-09-11,112.55,114.76,112.55,114.76,525660
2018-09-12,114.84,115.52,113.77,114.38,480160
2018-09-13,114.53,114.53,112.86,112.86,403560
2018-09-14,113.16,114.08,113.01,113.62,346600
2018-09-17,113.69,114,111.33,112.09,467680
2018-09-18,111.33,113.77,111.18,113.77,808380
2018-09-19,114,114.23,113.24,113.92,386640
2018-09-20,114.15,114.23,113.24,114.08,526160
2018-09-21,114.38,114.76,112.86,113.92,466240
2018-09-24,114,116.21,113.92,115.98,1029500
2018-09-25,116.06,116.29,114.91,115.98,1011010
2018-09-26,115.91,116.06,115.14,116.06,1188410
2018-09-27,116.29,117.2,115.07,116.36,1222140
2018-09-28,116.36,117.05,114.99,115.52,1157560
2018-10-01,115.6,115.75,112.47,113.24,1238340
2018-10-02,112.86,112.86,109.81,110.57,1375300
2018-10-03,111.18,111.33,110.11,110.42,697070
2018-10-04,110.57,110.57,108.66,109.5,837900
2018-10-05,109.42,109.42,108.59,109.12,604170
2018-10-08,109.12,109.35,107.21,107.21,658020
2018-10-09,107.52,109.27,107.52,109.04,586610
2018-10-10,109.2,110.57,109.2,110.57,748570
2018-10-11,108.28,109.73,102.94,107.37,591640
2018-10-12,107.37,107.52,105.61,107.52,733920
2018-10-15,107.52,108.28,105.23,106.15,367010
2018-10-16,106.3,106.76,104.31,104.47,817220
2018-10-17,105.15,106.22,104.85,106.15,850710
2018-10-18,106.15,106.53,103.7,104.09,653560
2018-10-19,103.32,103.32,100.65,100.65,924610
2018-10-22,101.42,101.42,97.38,98.37,1371200
2018-10-23,97.99,98.44,96.61,96.84,668320
2018-10-24,97.07,97.6,96.16,96.69,454880
2018-10-25,93.79,96.84,92.34,96.08,615660
2018-10-26,97.22,97.6,95.01,95.16,422490
2018-10-29,95.16,95.47,94.17,95.16,474250
2018-10-30,95.24,96.46,94.94,96.08,530390
2018-10-31,96.84,101.95,96.61,101.95,1064990
2018-11-01,102.56,103.4,101.87,102.03,946500
2018-11-02,102.18,103.4,102.18,103.32,840820
2018-11-05,103.32,103.55,102.48,103.4,604090
2018-11-06,103.7,104.85,102.18,102.18,531390
2018-11-07,102.26,103.63,99.36,100.65,639140
2018-11-08,101.19,102.18,101.04,101.65,622400
2018-11-09,101.87,102.18,99.36,99.82,491980
2018-11-12,99.82,99.82,98.29,98.52,457730
2018-11-13,98.37,98.75,97.22,97.6,341190
2018-11-14,97.76,99.05,97.22,97.22,442760
2018-11-15,97.3,98.75,96.69,97.38,532230
2018-11-16,97.91,98.75,96.61,97.53,488140
2018-11-19,97.76,98.37,97.53,97.91,501830
2018-11-20,97.99,99.43,97.91,98.37,528220
2018-11-21,98.37,98.37,97.22,97.6,391290
2018-11-22,97.6,98.06,97.45,97.68,589220
2018-11-23,97.99,97.99,96.77,96.84,334130
2018-11-26,96.99,97.22,96.69,96.84,373680
2018-11-27,97.45,97.6,96.54,96.61,392350
2018-11-28,96.84,98.98,96.69,98.75,888250
2018-11-29,99.89,102.03,99.82,101.04,1147260
2018-11-30,100.27,100.65,99.05,99.89,602920
2018-12-03,100.5,101.04,99.97,100.65,618450
2018-12-04,100.65,101.8,100.43,101.34,517240
2018-12-05,100.96,100.96,100.2,100.2,554870
2018-12-06,99.89,101.42,99.89,100.58,530060
2018-12-07,100.81,102.1,100.58,100.96,588100
2018-12-10,100.96,100.96,99.05,99.05,595660
2018-12-11,99.05,99.89,97.99,98.21,558320
2018-12-12,98.44,99.66,98.29,99.28,560950
2018-12-13,99.51,100.12,98.52,98.75,479680
2018-12-14,98.6,99.05,97.6,97.6,402510
2018-12-17,97.68,97.99,95.7,96.46,462490
2018-12-18,95.32,96,93.94,95.24,612150
2018-12-19,95.24,95.77,95.16,95.32,440150
2018-12-20,95.32,95.47,94.55,94.71,403570
2018-12-21,94.71,95.32,93.72,94.71,388100
2018-12-24,94.71,95.01,94.55,94.78,237590
2018-12-25,93.79,93.79,92.27,92.95,372990
2018-12-26,93.03,93.79,91.5,93.03,304700
2018-12-27,93.79,94.1,91.35,91.5,627250
2018-12-28,90.74,92.65,90.21,91.5,594960
2019-01-02,91.5,92.5,88.45,89.22,509920
2019-01-03,89.22,89.6,87.69,88.61,579590
2019-01-04,87.69,88.68,86.4,87.69,882080
2019-01-07,88.68,88.76,86.24,88.45,637590
2019-01-08,88.68,88.68,87.31,87.69,226650
2019-01-09,87.69,88.45,87.39,87.69,554850
2019-01-10,88.07,88.07,87.54,87.69,381340
2019-01-11,87.69,90.28,87.69,89.22,799230
2019-01-14,89.52,90.67,89.06,89.6,487330
2019-01-15,89.67,89.9,88.68,89.37,514390
2019-01-16,89.22,89.45,87.69,88.45,638280
2019-01-17,88.45,88.45,87.31,88.07,614570
2019-01-18,88.23,88.3,87.16,87.84,489080
2019-01-21,87.31,88.15,87.31,87.84,294150
2019-01-22,88.07,88.3,87.54,87.69,351870
2019-01-23,87.69,88.3,87.62,88.07,398030
2019-01-24,88.45,90.28,88.45,89.98,721190
2019-01-25,90.28,93.41,90.28,93.41,778640
2019-01-28,93.64,94.25,92.65,93.41,305350
2019-01-29,93.41,93.72,92.04,92.8,280160
2019-01-30,92.8,94.4,92.8,93.94,646990
2019-01-31,93.94,94.33,93.18,94.17,455960
2019-02-01,94.17,95.32,94.1,95.32,797560
2019-02-11,95.62,96.16,95.32,96,359160
2019-02-12,96.08,96.54,95.24,96,721400
2019-02-13,95.47,95.77,94.71,94.94,643080
2019-02-14,95.01,95.01,93.79,94.1,473820
2019-02-15,94.1,94.1,91.96,92.5,553820
2019-02-18,92.5,92.65,91.43,91.89,713710
2019-02-19,91.96,93.72,91.89,92.11,902500
2019-02-20,92.11,92.11,90.74,91.35,537530
2019-02-21,91.2,91.28,89.6,90.74,1065070
2019-02-22,90.74,93.87,90.74,92.65,1145220
2019-02-25,93.41,94.94,93.41,94.94,1125900
2019-02-26,95.32,95.32,93.87,94.25,932940
2019-02-27,94.25,94.25,93.03,93.56,1333370
2019-02-28,93.79,93.87,90.74,90.74,1629860
2019-03-01,90.74,91.5,89.22,91.5,1125320
2019-03-04,91.89,92.42,91.28,92.19,990660
2019-03-05,91.96,92.04,91.12,91.5,1074790
2019-03-06,91.5,92.27,91.5,92.27,939310
2019-03-07,92.27,92.72,92.19,92.57,1014890
2019-03-08,91.89,92.27,91.12,92.04,1002300
2019-03-11,92.04,92.72,91.5,92.5,794310
2019-03-12,92.57,92.8,91.43,91.89,1048390
2019-03-13,91.66,92.04,90.36,91.35,1223310
2019-03-14,91.35,91.35,89.83,90.28,1156440
2019-03-15,90.21,90.82,90.21,90.74,598760
2019-03-18,90.74,91.35,90.59,91.35,660300
2019-03-19,91.43,91.58,90.74,91.35,809590
2019-03-20,91.35,91.35,90.06,91.35,592830
2019-03-21,91.35,91.43,90.13,90.36,660960
2019-03-22,90.44,90.82,89.83,90.67,481800
2019-03-25,89.98,90.28,89.14,89.98,815680
2019-03-26,90.28,90.82,89.83,89.98,459670
2019-03-27,89.98,90.36,89.6,90.21,459010
2019-03-28,89.98,90.13,88.84,89.37,620430
2019-03-29,89.52,89.67,88.38,88.84,944370
2019-04-01,88.76,89.06,87.01,87.46,959500
2019-04-02,87.31,88.45,87.31,87.46,504360
2019-04-03,87.46,87.62,85.86,86.85,761320
2019-04-04,86.32,87.46,86.01,86.32,451040
2019-04-05,86.32,86.7,85.71,86.01,522350
2019-04-08,86.01,86.32,84.18,84.26,621740
2019-04-09,84.26,86.93,81.82,85.79,1595160
2019-04-10,86.32,86.32,84.64,86.09,1003980
2019-04-11,86.55,87.69,86.17,86.85,1106190
2019-04-12,86.24,86.93,85.79,86.32,876490
2019-04-16,85.71,86.4,85.18,86.4,619310
2019-04-17,86.47,86.55,85.63,86.55,565610
2019-04-18,86.55,88.45,86.4,86.93,995140
2019-04-19,87.69,88.23,87.39,87.62,568360
2019-04-22,87.69,88.15,87.46,87.62,448080
2019-04-23,87.77,88.15,87.23,88,431630
2019-04-24,88,88.08,87.23,88.08,401640
2019-04-25,88.08,88.92,87.62,88.62,670050
2019-04-26,88.08,89.15,87.85,89.15,575360
2019-05-02,89.62,91.15,89.23,91.15,1077940
2019-05-03,91,91.23,90.62,91.15,868540
2019-05-06,90.38,90.54,89.54,90.23,846420
2019-05-07,90.38,90.69,89.23,90,468670
2019-05-08,89.23,89.62,88.23,88.85,704440
2019-05-09,88.85,89.15,88.15,88.85,545570
2019-05-10,88.85,89.15,87.69,88.77,560410
2019-05-13,88.69,89.23,88.46,89.23,616000
2019-05-14,89.23,89.85,89,89.85,653650
2019-05-15,90,90.92,90,90.77,820490
2019-05-16,90.77,91.38,90.62,90.77,744920
2019-05-17,90.77,90.77,90,90.69,631990
2019-05-20,90.69,91.46,90.46,91,900890
2019-05-21,91.08,91.46,91.08,91.38,613310
2019-05-22,91.92,92.38,91.15,91.92,707930
2019-05-23,91.92,92.08,91.23,91.85,639060
2019-05-24,91.38,92.62,91.15,92.23,898900
2019-05-27,92.69,93.08,92.23,92.69,423350
2019-05-28,92.69,96.15,92.62,96.15,1298700
2019-05-29,95.77,95.77,94.46,95,443520
2019-05-30,94.62,95.54,93.85,95.54,413490
2019-05-31,95.38,96.15,95.08,95.77,714840
2019-06-03,95.38,95.38,93.77,93.85,631510
2019-06-04,93.85,94.31,92.31,93.31,558310
2019-06-05,93.69,93.77,92.92,93.38,530380
2019-06-06,93.31,93.38,91.85,93.38,584270
2019-06-07,93.46,94,93.46,94,534680
2019-06-10,94.31,96,94.23,95.38,644970
2019-06-11,95.08,95.54,94.46,95.38,480010
2019-06-12,95.38,95.46,94.23,95,444310
2019-06-13,94.92,94.92,93.15,93.54,455860
2019-06-14,93.15,94.62,93.15,93.62,484660
2019-06-17,91.92,92.62,91.54,92.23,568680
2019-06-18,92.23,92.62,90.77,90.77,358970
2019-06-19,91.92,92.15,91,91.92,474540
2019-06-20,92,95,91.92,94.85,738760
2019-06-21,94.77,95,94.15,94.77,559790
2019-06-24,94.77,95.23,94.77,95,628250
2019-06-25,94.69,95.77,94.62,95.31,655640
2019-06-26,95.23,95.77,95.23,95.54,690590
2019-06-27,95.54,95.85,95.38,95.77,663660
2019-06-28,95.54,98.46,95.54,98.46,977470
2019-07-01,96.92,98.31,96.92,97.69,780500
2019-07-02,97.77,99,97.62,98.85,609150
2019-07-03,98.85,98.92,97.92,98.85,491480
2019-07-04,98.85,99.92,98.54,99.62,559370
2019-07-05,99.62,99.85,99.23,99.62,420080
2019-07-08,99.31,99.31,98.23,98.85,606760
2019-07-09,98.85,99.15,98.23,99.15,629690
2019-07-10,99.77,101.15,99.69,101.15,803320
2019-07-11,101.15,101.15,100.31,101,599200
2019-07-12,101.08,101.23,100.15,100.15,604680
2019-07-15,101.08,100.31,99.31,99.62,592580
2019-07-16,99.69,100.77,99.62,100.77,817510
2019-07-17,100.85,100.85,99.62,100,597950
2019-07-18,100.08,100.77,98.85,98.85,612200
2019-07-19,100.08,100.23,99.15,100.15,590430
2019-07-22,100.77,103.85,100.77,101.54,511730
2019-07-23,100.92,101.62,100.92,101.46,426150
2019-07-24,101.46,103.08,101.46,102.15,679130
2019-07-25,102.54,102.92,102.08,102.31,771590
2019-07-26,101.92,102.38,101.92,102.31,717200
2019-07-29,102.46,102.85,102.31,102.62,585650
2019-07-30,102.69,102.92,102.62,102.62,492810
2019-07-31,102.62,103,101.54,102.62,849980
2019-08-01,101.92,102.62,100.92,102.31,888880
2019-08-02,101.54,101.85,101.15,101.85,752100
2019-08-05,101.15,101.15,100.31,100.54,799780
2019-08-06,99.85,100.08,98.85,100.08,893350
2019-08-07,100.23,100.85,100.23,100.69,533510
2019-08-08,100.85,101.15,100.08,100.85,671470
2019-08-09,100.92,101.31,100.69,101.31,819860
2019-08-12,101.54,103.46,101.46,103.46,801570
2019-08-13,102.92,103.23,101.54,101.92,526150
2019-08-14,102.08,103.08,101.15,101.23,1004290
2019-08-15,100.15,101.08,99.23,100.23,529870
2019-08-16,100,100.46,100,100.38,636040
2019-08-19,100.38,101,100,100.38,720980
2019-08-20,100.38,100.38,99.62,100,979530
2019-08-21,100.15,100.69,99.69,100.69,853770
2019-08-22,100.69,101.69,100.54,101.69,1047830
2019-08-23,101.77,103.08,101.69,103.08,1709500
2019-08-26,102.92,102.92,101.15,101.54,398470
2019-08-27,101.54,102,101.23,102,485470
2019-08-28,101.54,102.15,101.23,101.85,390240
2019-08-29,101.85,101.85,101.31,101.54,379870
2019-08-30,101.85,101.54,101.08,101.54,386150
2019-09-03,101.54,101.85,98.92,101.54,674010
2019-09-04,101.15,101.46,100.23,100.31,317510
2019-09-05,100.31,100.54,99.92,100.31,557030
2019-09-06,100.31,100.38,99.23,100.31,350770
2019-09-09,100.46,102.31,100.38,102.15,743950
2019-09-10,102.46,102.69,102,102.54,300980
2019-09-11,102.54,102.77,101.69,102.77,552470
2019-09-12,102.85,105.38,102.77,105.38,677330
2019-09-13,105.38,106.69,105.38,106.31,581100
2019-09-16,106.31,108.15,106.31,108.08,918890
2019-09-17,107.69,108.08,107.38,107.92,1660130
2019-09-18,107.92,107.92,105.85,107.46,443680
2019-09-19,107.46,107.62,106.31,107.31,513500
2019-09-20,106.92,107.23,106.15,106.15,3731860
2019-09-23,106.15,106.15,105.69,105.85,319890
2019-09-24,105.77,106.15,105.77,105.85,447380
2019-09-25,105.77,105.92,103.85,104.62,414030
2019-09-26,104.08,104.85,104.08,104.62,325980
2019-09-27,104.69,105.15,104.23,105.08,437980
2019-09-30,104.62,106,104.62,105.92,488290
2019-10-01,106,106,105.23,105.77,340010
2019-10-02,105.77,106,105.38,105.85,401000
2019-10-03,105.69,105.69,105.23,105.62,336620
2019-10-04,105.69,106.69,105.46,105.85,710480
2019-10-07,105.85,105.85,104.92,105.69,429440
2019-10-08,105.62,106,105.46,105.69,498720
2019-10-09,105.54,105.92,105.23,105.69,528830
2019-10-10,105.77,105.77,105.23,105.77,509370
2019-10-11,105.77,107.31,105.69,107.23,649930
2019-10-14,107.23,107.85,107.23,107.23,489110
2019-10-15,107.23,107.85,107.23,107.38,481300
2019-10-16,107.31,107.46,106.62,106.92,329060
2019-10-17,107.15,107.46,106.46,106.54,458890
2019-10-18,106.54,107.15,106.31,107,400630
2019-10-21,107,108.69,106.92,107.69,489400
2019-10-22,107.92,110.69,107.92,110.69,451730
2019-10-23,110.69,111.08,110,110.77,435740
2019-10-24,110.69,111.46,110,111.46,468850
2019-10-25,110.77,112.69,110.77,112.23,458050
2019-10-28,112.23,113.15,111.54,111.54,311800
2019-10-29,110.92,111.85,110.38,110.38,394270
2019-10-30,110.77,111.77,110.77,111.38,707320
2019-10-31,111.54,111.69,110.92,111.54,657640
2019-11-01,111.62,111.92,111.54,111.92,441910
2019-11-04,111.77,111.77,111,111.77,374520
2019-11-05,111.77,112.23,111.77,112.08,507500
2019-11-06,111.54,111.92,110,110.38,476860
2019-11-07,110.38,110.46,109.54,110.15,400270
2019-11-08,110.15,110.23,110,110.15,389400
2019-11-11,110.23,110.38,109.62,109.85,428170
2019-11-12,109.85,110.38,109.69,110.38,394890
2019-11-13,110.46,110.77,110.15,110.38,433120
2019-11-14,110.38,110.62,110.08,110.31,419880
2019-11-15,110.38,110.54,109.92,110.23,495170
2019-11-18,110.23,110.54,109.92,110.38,509230
2019-11-19,110.38,110.77,110.31,110.77,583570
2019-11-20,111,111.69,110.92,111.46,581440
2019-11-21,111.15,111.46,110.31,110.31,602750
2019-11-22,110,110.46,109.62,110,431230
2019-11-25,109.23,110,108.92,110,393890
2019-11-26,110,110.38,110,110.23,445370
2019-11-27,110.38,110.62,110.15,110.54,321040
2019-11-28,110.62,111.31,110.62,111.23,501020
2019-11-29,111.23,111.62,111.23,111.46,336450
2019-12-02,111.62,112.46,111.46,112.38,561090
2019-12-03,112.15,112.15,111.54,111.85,492220
2019-12-04,111.85,112.08,111.54,111.92,395960
2019-12-05,112,112.23,111.85,111.85,413470
2019-12-06,111.77,111.77,110.85,111.08,385820
2019-12-09,111,111.15,110.15,111.15,351930
2019-12-10,111.15,111.15,110.23,110.62,400540
2019-12-11,110.54,110.85,110.31,110.69,405490
2019-12-12,110.77,111.69,110.69,111.69,423230
2019-12-13,111.69,111.85,111.15,111.15,349180
2019-12-16,111.15,111.15,109.85,110,409810
2019-12-17,109.92,110,109.46,109.69,309620
2019-12-18,109.69,109.77,109.38,109.77,389080
2019-12-19,109.85,110,109.46,109.69,452360
2019-12-20,109.69,109.77,109.31,109.62,800200
2019-12-23,109.62,110.62,109.62,109.92,407670
2019-12-24,109.92,110.38,109.85,110.38,358610
2019-12-25,110.31,110.62,110.15,110.62,354830
2019-12-26,110.62,110.77,110.38,110.54,371430
2019-12-27,110.38,110.54,110.31,110.46,360120
2019-12-30,110.46,111.08,110.38,111.08,415840
2019-12-31,111.23,112.54,111.08,112.46,482790
2020-01-02,112.54,113.85,112.54,113.85,419710
2020-01-03,113.85,114.46,113.46,113.85,350790
2020-01-06,113.69,113.69,112,112.31,334350
2020-01-07,112.15,112.31,111.92,112.23,360760
2020-01-08,112.08,112.15,110.77,111.38,417200
2020-01-09,111.38,112.46,111.31,112.46,451440
2020-01-10,112.46,112.54,111.77,112.46,483900
2020-01-13,112.46,112.69,112.23,112.69,466570
2020-01-14,112.69,112.69,112.15,112.31,486130
2020-01-15,112.23,112.31,111.77,112.31,422930
2020-01-16,112.31,112.54,112.15,112.31,404540
2020-01-17,112.31,114.15,112.31,114,506950
2020-01-20,114,114,113.08,113.08,341310
2020-01-21,113.08,113.23,112.69,113.08,369200
2020-01-22,113.08,113.08,112.69,112.69,365030
2020-01-30,111.54,111.54,107.69,107.69,565700
2020-01-31,107.46,107.46,100.15,100.15,489090
2020-02-03,93.15,96.54,93.15,96.54,1089690
2020-02-04,96.54,99.85,96.46,99.23,271820
2020-02-05,99.23,99.46,97.54,97.69,477530
2020-02-06,98.08,98.38,97.15,98.08,422850
2020-02-07,98.15,101.46,98,100.92,502280
2020-02-10,100.77,100.77,99.08,99.23,269590
2020-02-11,99.23,99.31,98.69,99.23,345280
2020-02-12,99.31,99.38,98.77,99.38,372700
2020-02-13,99.15,99.38,98.77,99.38,362740
2020-02-14,99.38,99.38,98.77,98.92,280880
2020-02-17,98.85,99.15,98.85,99,324750
2020-02-18,99.08,99.08,98.77,99,347240
2020-02-19,99,99,98.69,98.77,377580
2020-02-20,98.77,99,98.46,98.85,257700
2020-02-21,98.85,99.08,98.77,98.92,371740
2020-02-24,98.77,98.85,97.92,98.46,306570
2020-02-25,98.31,98.31,96.31,97.69,247200
2020-02-26,96.54,96.62,96,96.15,388100
2020-02-27,96.15,96.15,94.38,94.46,243980
2020-02-28,93.85,94.38,93.69,93.77,305420
2020-03-02,93.08,93.08,91.85,92.92,339750
2020-03-03,92.69,93.77,92.54,92.92,335300
2020-03-04,92.92,99,92.23,93.31,401940
2020-03-05,93.46,95.31,93.38,94.62,413440
2020-03-06,94.54,94.54,92.23,92.69,299570
2020-03-09,91.54,91.54,86.23,87.31,340670
2020-03-10,83.85,88.08,82.92,88.08,346960
2020-03-11,88.08,88.08,81.92,81.92,683340
2020-03-12,81.15,81.54,76.23,77.69,791610
2020-03-13,76.54,77.69,72.31,77.69,488260
2020-03-16,76.38,76.92,73.85,76.92,397240
2020-03-17,75.38,78.23,75.15,78.23,439950
2020-03-18,78.23,78.46,75.38,78,383680
2020-03-19,76.31,76.92,73.15,75.38,540170
2020-03-20,75.38,79.23,74.92,79.23,467800
2020-03-23,76.92,76.92,73.69,73.69,400260
2020-03-24,72.92,75.38,72.77,74.23,331440
2020-03-25,75.38,76.54,74.31,74.69,310640
2020-03-26,74.69,74.69,72.77,74.62,208360
2020-03-27,74.23,74.54,72.46,74.54,222210
2020-03-30,72.31,74.23,71.69,74.23,131550
2020-03-31,74.23,76.08,73.85,74.77,153980
2020-04-01,74.77,76.31,74.62,76.31,250950
2020-04-03,76.31,78,76.15,76.85,377340
2020-04-06,76.85,77.08,76.15,76.85,466290
2020-04-07,76.92,76.92,74.77,76.15,264000
2020-04-08,75.77,76.15,75,76.15,272420
2020-04-09,76.15,79.23,75.85,78.46,359760
2020-04-10,78.46,83.92,78.46,83.92,268880
2020-04-13,86.92,89.77,86.15,89,241950
2020-04-14,88.08,88.08,84.23,86.77,300930
2020-04-15,86,86.31,81.54,85.23,244450
2020-04-16,85.38,89.23,85.08,89.23,304040
2020-04-17,89.23,90.77,89.23,90.31,391890
2020-04-20,90.46,90.46,89.62,90.15,380240
2020-04-21,89.62,89.62,86.92,88.46,270040
2020-04-22,88.23,88.85,87.54,88.54,422410
2020-04-23,88.85,90.23,88.85,89.54,417880
2020-04-24,89.62,89.62,88.23,88.62,220300
2020-04-27,88.62,88.62,86.92,87.31,279920
2020-04-28,86.92,87.31,86.31,86.85,211570
2020-04-29,88.85,89.62,86.23,88.85,500000
2020-05-04,88.85,89.23,87.62,87.92,265270
2020-05-05,87.85,87.92,85.54,85.77,257530
2020-05-06,86,86.54,85.92,86.23,411930
2020-05-07,86.31,88.62,86.31,88.62,413820
2020-05-08,88.62,94.77,88.54,92.31,922100
2020-05-11,91.23,91.77,90.46,91.23,404180
2020-05-12,91.23,91.23,89.69,90.31,448580
2020-05-13,90,90,84,88.38,709770
2020-05-14,88.31,88.31,86.77,87.69,529830
2020-05-15,87.69,88.08,87.54,87.69,396390
2020-05-18,87.69,87.85,87,87.69,403230
2020-05-19,88.46,89.23,88.08,88.38,565860
2020-05-20,88.08,88.08,87.31,87.46,290200
2020-05-21,87.46,88.46,87.38,88.46,452160
2020-05-22,88.31,88.31,86.92,87.69,397860
2020-05-25,87.69,87.69,87,87,331260
2020-05-26,86.92,87.15,86.46,86.92,464120
2020-05-27,86.92,88.62,86.92,86.92,496870
2020-05-28,86.92,87.85,86.92,87.15,436060
2020-05-29,87.15,87.15,86.85,86.92,449840
2020-06-01,86.92,87.69,86.85,87.15,406510
2020-06-02,87.15,88.85,87.08,88.23,593950
2020-06-03,88.23,88.23,87.46,87.54,311360
2020-06-04,87.62,87.92,87.54,87.92,687650
2020-06-05,87.77,87.92,87.38,87.92,368780
2020-06-08,87.92,88.92,87.92,88.46,688020
2020-06-09,89.85,91.38,89.23,90.62,727700
2020-06-10,90.69,91.08,90.31,90.62,544330
2020-06-11,90.62,90.69,87.31,87.31,697580
2020-06-12,86.15,87.23,84.08,87.23,657920
2020-06-15,86.31,86.31,83.85,83.85,629650
2020-06-16,84.62,84.92,82.38,82.85,612480
2020-06-17,82.85,84.46,82.69,84.46,479940
2020-06-18,84.23,85.62,83.85,85.38,345560
2020-06-19,85.38,86.08,84.23,84.62,418810
2020-06-22,84.62,84.62,83.23,83.85,276620
2020-06-23,83.46,85.38,83.23,84.15,277520
2020-06-24,84.15,84.15,83.08,83.46,267910
2020-06-25,83.08,83.46,82.46,83.46,258530
2020-06-26,83.23,83.62,82.69,83.46,248260
2020-06-29,83.85,84.23,81.92,82.15,328140
2020-06-30,83,83.08,81.85,83.08,289590
2020-07-01,83.08,83.46,82.38,83.08,313260
2020-07-02,83.08,83.08,82.23,83,244570
2020-07-03,82.69,83.23,82.69,83.08,284360
2020-07-06,83.08,83.23,82.46,82.85,318520
2020-07-07,82.69,83.85,82.69,83.31,350630
2020-07-08,83.15,83.15,82.69,82.77,289450
2020-07-09,82.77,84.23,82.54,83.15,519710
2020-07-10,83.15,84.62,82.85,83.08,401690
2020-07-13,83.08,84.23,82.31,83.08,369240
2020-07-14,83.08,83.38,82.31,83.08,327810
2020-07-15,83.08,83.54,82.92,82.92,210730
2020-07-16,82.92,86.15,82.54,86.15,280190
2020-07-17,83.85,83.85,83.08,83.85,319230
2020-07-20,83.62,83.62,82.54,82.69,218370
2020-07-21,82.62,83.46,82.31,83.38,232510
2020-07-22,83.31,83.31,82.62,82.62,247420
2020-07-23,82.62,83.08,82.46,83,252960
2020-07-24,82.69,83,78.77,79.85,351710
2020-07-27,75.38,76.92,74.31,75.31,362790
2020-07-28,75.23,75.31,73,74.23,334050
2020-07-29,73.85,74.15,72.54,73.15,229700
2020-07-30,73.15,74.62,73.15,73.85,208710
2020-07-31,73.08,73.77,72.69,72.69,266790
2020-08-03,72.69,74,72.69,73.85,297320
2020-08-04,73.85,75,73.85,74.62,323790
2020-08-05,74.62,76.92,73.92,76.77,413720
2020-08-06,76.92,78.54,76.92,77.69,362410
2020-08-07,77.69,77.85,76.31,77.15,255020
2020-08-10,77.15,77.69,76.92,76.92,339710
2020-08-11,76.92,77,76.23,76.54,240830
2020-08-12,76.77,77.31,76.69,77.31,298910
2020-08-13,77.46,78.15,77.38,78.15,421970
2020-08-14,78.15,78.23,77.15,77.38,362250
2020-08-17,77.38,77.38,76,77.08,265010
2020-08-18,76.92,77.08,76.08,76.77,267090
2020-08-19,76.77,76.92,76.62,76.92,245440
2020-08-20,76.85,76.92,76,76.62,481250
2020-08-21,76.69,76.69,76.23,76.62,270450
2020-08-24,76.69,77.23,76.69,76.92,537630
2020-08-25,77,77.23,76.31,76.54,560970
2020-08-26,76.77,77.38,76.62,77.38,460680
2020-08-27,77.31,77.38,76.54,76.62,276490
2020-08-28,76.77,77.54,76.77,77.38,480460
2020-08-31,77.69,79.38,77.46,79.23,489880
2020-09-01,79.77,81.15,79.69,81.15,686820
2020-09-03,82,83,81.92,82.77,607480
2020-09-04,81.15,82.77,81.15,82.77,663890
2020-09-07,83.08,83.08,81.23,82.31,485630
2020-09-08,82.31,82.31,81.08,82.15,404020
2020-09-09,81.54,81.54,80.31,81.54,527620
2020-09-10,81.54,81.69,81.15,81.54,460670
2020-09-11,81.54,81.54,80.38,81.38,409590
2020-09-14,81.54,82.62,81.54,82.62,551420
2020-09-15,82.69,83.08,81.54,82.23,415560
2020-09-16,82.23,82.23,81.54,82.23,443260
2020-09-17,82.23,82.23,81.46,81.46,566330
2020-09-18,81,81.62,81,81.54,356340
2020-09-21,81.54,82.31,81.54,81.92,416780
2020-09-22,81.92,82.15,81.46,82.08,641230
2020-09-23,82.08,82.15,81.54,81.92,370730
2020-09-24,81.62,81.85,81.15,81.38,353690
2020-09-25,81.38,81.69,81,81.23,314150
2020-09-28,81.31,81.38,80.77,81.15,331270
2020-09-29,81.08,81.08,80,80,374370
2020-09-30,79.85,81,79.85,80.46,413700
2020-10-01,80.54,81.15,80.46,81.15,445300
2020-10-02,81.15,81.23,80.23,80.69,384660
2020-10-05,80.77,81.08,80.62,80.62,306570
2020-10-06,80.62,80.69,79.92,80.38,408750
2020-10-07,80.23,80.23,79.23,80,356210
2020-10-08,80,80,79.46,80,405290
2020-10-09,80,80.62,80,80.31,380200
2020-10-12,80.31,80.77,80.15,80.77,496670
2020-10-13,81,81.15,80.54,80.77,338730
2020-10-14,80.77,80.77,80,80.46,297820
2020-10-15,80.38,81.54,79.62,81.54,500370
2020-10-16,81.38,81.46,80.46,80.77,417480
2020-10-19,80.77,80.77,80,80.38,334870
2020-10-20,80.38,80.38,79.62,80.38,439430
2020-10-21,80.31,80.46,79.85,79.92,467800
2020-10-22,79.85,80.77,79.54,80.77,506260
2020-10-23,80.77,81,80,81,677260
2020-10-26,81,81.08,80.38,80.38,607970
2020-10-27,80.38,80.85,80,80.38,618430
2020-10-28,80.38,80.85,78.85,80,729460
2020-10-29,80,80,77,78.69,588780
2020-10-30,78.54,78.54,76.46,77.85,519620
2020-11-02,77.69,80.69,77.31,80.69,507940
2020-11-03,80.69,81.23,79.23,81.15,582490
2020-11-04,81.15,81.31,81,81.15,566300
2020-11-05,81.15,81.38,81.08,81.31,542890
2020-11-06,81.31,81.38,80.62,81.31,560540
2020-11-09,81.31,81.54,81.15,81.54,485200
2020-11-10,87.23,87.23,87.23,87.23,694840
2020-11-11,87.69,88.08,86.85,87.54,690230
2020-11-12,87.31,87.62,86.46,86.69,440800
2020-11-13,86.31,86.69,85,86.69,491700
2020-11-16,86.77,87.62,83,85.54,673890
2020-11-17,85.92,86.92,84.69,86.92,633100
2020-11-18,87.08,87.46,86.23,87.31,761020
2020-11-19,87.15,87.46,86,87.46,666610
2020-11-20,86.92,92.69,86.92,91.46,829730
2020-11-23,91.46,91.54,90.69,91.46,447160
2020-11-24,91.46,91.46,90,90.77,403970
2020-11-25,90.92,92.46,90.77,91.54,617760
2020-11-26,91.54,92.38,90.77,92.38,599050
2020-11-27,92.46,92.46,91.38,91.54,406570
2020-11-30,91.31,91.46,90.31,90.38,636680
2020-12-01,89.23,90.85,88.46,90.77,558190
2020-12-02,90.38,91.92,90.38,91.92,612480
2020-12-03,92.08,92.08,90.92,91.38,448840
2020-12-04,90.92,91.54,90.69,91.15,496960
2020-12-07,91.08,91.08,90.31,90.77,483840
2020-12-08,90.69,91.31,90.46,91.15,522530
2020-12-09,91.15,92.31,91,92.31,683020
2020-12-10,92.54,92.85,91.54,92.15,655870
2020-12-11,92.15,94,92.08,94,721710
2020-12-14,94.38,97.69,94.38,97.69,722460
2020-12-15,97.69,99.23,96.15,96.15,948860
2020-12-16,96.15,98.54,96,98.54,530890
2020-12-17,97.69,98.08,95.77,95.85,590300
2020-12-18,95.69,97.31,95.69,96.15,832310
2020-12-21,96.31,96.77,96,96.77,652430
2020-12-22,96.54,96.62,94.92,95.08,517670
2020-12-23,95.08,95.08,93.92,94.31,529610
2020-12-24,94.46,95.15,93.77,94.62,523500
2020-12-25,94.62,96.92,94.46,96.85,874910
2020-12-28,96.85,96.92,95.69,96.08,611380
2020-12-29,95.85,96.92,95.54,96.62,637610
2020-12-30,96.62,96.69,95.77,95.77,564770
2020-12-31,95.77,96.85,95.38,96.15,628120
2021-01-04,96.31,96.92,95.38,96.77,792100
2021-01-05,96.77,97.08,95.85,96,653500
2021-01-06,96.08,96.15,94.38,95.15,635000
2021-01-07,95.15,96.46,95,95.85,616000
2021-01-08,96.23,97.46,96.23,97.31,739800
2021-01-11,97.31,101.54,97.31,101,786900
2021-01-12,101.08,101.23,100.54,101.15,633500
2021-01-13,101.31,101.54,100.85,101,623100
2021-01-14,100.62,101.08,99.62,100.54,749700
2021-01-15,100.92,101.38,100,101.38,752000
2021-01-18,101.46,101.77,100.92,101.54,850100
2021-01-19,101.54,101.69,98.38,98.38,700700
2021-01-20,98.77,100,96.92,100,634500
2021-01-21,100,101.15,99.08,100.77,755200
2021-01-22,101.23,103.08,100.77,102.92,878700
2021-01-25,102.77,103,102.54,102.77,824300
2021-01-26,102.77,102.77,99.62,100.77,469900
2021-01-27,100.54,100.77,98.85,100.62,683300
2021-01-28,97.92,98.08,93.62,93.62,437200
2021-01-29,91.54,100,90.77,96.77,682500
2021-02-01,96.77,97.31,94.08,96.54,593900
2021-02-02,96.38,99.85,96.23,99.77,606400
2021-02-03,99.85,101.15,99.23,100.77,600400
2021-02-04,100.77,100.85,99.23,100.46,604900
2021-02-05,100.62,100.85,100.38,100.85,496400
2021-02-08,100.38,100.46,93.85,95.85,1310700
2021-02-09,96.38,99.23,95.54,99.23,660800
2021-02-17,99.62,100.77,99.31,100.77,618600
2021-02-18,100.69,101.38,99.23,101.38,608400
2021-02-19,101.15,101.46,99.85,101.38,536500
2021-02-22,101.46,101.46,100,101.23,577000
2021-02-23,101,103.46,99.46,103.08,1228400
2021-02-24,103.08,103.85,101.15,101.46,545400
2021-02-25,101.54,103.85,100.92,103.85,839300
2021-02-26,103.46,104.62,102.69,103.92,772100
2021-03-01,104.08,105.31,103.85,104.77,663800
2021-03-02,105.15,106.54,103.92,105.92,802800
2021-03-03,105.69,106,104.23,105.54,704400
2021-03-04,105,105.92,104.08,105.23,353700
2021-03-05,104.92,105.38,103.85,105.23,490100
2021-03-08,105.54,105.62,103.23,104.62,493900
2021-03-09,104.31,104.31,102.31,103.77,476800
2021-03-10,103.77,104.23,102.77,104.23,767100
2021-03-11,104.46,105,104,104.69,633000
2021-03-12,104.23,104.85,103.08,103.85,528900
2021-03-15,103.85,104.15,102.69,103.85,495700
2021-03-16,103.85,103.92,102.31,103.54,477000
2021-03-17,103.23,103.31,100.92,102.69,564100
2021-03-18,102.69,103.77,102.31,103.77,499900
2021-03-19,103.38,103.54,100.38,100.38,934300
2021-03-22,101.23,102.31,101.15,102.08,507300
2021-03-23,101.54,102,100.08,100.77,356300
2021-03-24,100,100.85,98.08,98.46,415100
2021-03-25,98.46,100.69,98.31,98.54,508100
2021-03-26,98.69,100.38,98.62,100.38,403500
2021-03-29,100.54,101.23,100.38,101.23,640100
2021-03-30,101.23,101.31,100,101.23,509900
2021-03-31,101.15,101.23,99.77,99.77,456300
2021-04-01,100,102.23,99.77,101.92,536300
2021-04-02,102.92,103.31,101.77,101.77,530900
2021-04-05,104.62,104.62,101.69,101.77,440800
2021-04-06,101.92,102.92,101.69,102.31,427200
2021-04-07,102.31,103.08,101.62,102.31,381100
2021-04-08,102.69,103.08,102,102.31,418400
2021-04-09,102.69,102.69,101.08,101.38,417900
2021-04-12,101.62,101.62,100.69,101.38,621400
2021-04-13,101.85,101.85,100.85,101.46,499500
2021-04-14,101.69,101.77,100.77,101.54,508200
2021-04-15,101.54,101.85,99.23,101.31,640800
2021-04-16,101.31,101.31,98.62,99.23,431200
2021-04-19,99.23,99.69,98.46,99.38,592600
2021-04-20,99.38,101.54,99.08,100.77,729500
2021-04-22,100.38,101.62,100.23,100.31,772400
2021-04-23,100.31,100.62,97.31,99.62,812600
2021-04-26,100.46,100.46,95,98.08,562600
2021-04-27,98.08,98.38,96.92,97.85,474700
2021-04-28,97.85,97.85,95.92,96.92,517100
2021-04-29,96.92,97,95.46,96.08,520600
2021-05-04,96.08,96.15,94.62,95.38,515300
2021-05-05,95.38,96,94.92,95.77,507100
2021-05-06,95.77,95.77,93.85,93.85,426600
2021-05-07,93.08,94.31,90.77,91.92,439500
2021-05-10,91.92,92.31,90.77,91.69,472400
2021-05-11,91.85,92.15,91.38,91.54,527700
2021-05-12,91.54,91.69,90.77,91.54,532100
2021-05-13,91.54,91.77,89.85,90,481000
2021-05-14,90,91.31,89.77,90.69,659000
2021-05-17,90.77,90.92,87.69,87.69,485200
2021-05-18,87.92,88.31,86.23,86.92,390900
2021-05-19,86.92,87.08,84.31,84.62,362700
2021-05-20,84.15,85.38,83.38,85.38,475700
2021-05-21,85.15,86.69,85,86.69,329600
2021-05-24,86.69,87.54,86.38,87.31,523500
2021-05-25,87.31,87.31,86.15,87.15,423000
2021-05-26,86.92,87.23,86.31,86.92,473000
2021-05-27,86.92,86.92,84.62,86.92,438000
2021-05-28,86.92,86.92,85,86.15,501900
2021-05-31,86,86,82.31,84.62,512700
2021-06-01,84.54,84.54,81.54,81.69,283700
2021-06-02,81.69,82.46,81.54,82,518700
2021-06-03,82,82.46,81.38,82.23,589000
2021-06-04,81.69,82.62,81.69,82.62,634100
2021-06-07,82.69,86,82.69,86,684500
2021-06-08,86.92,90.38,86.38,90.15,674400
2021-06-09,90.15,90.31,87.15,88.69,642400
2021-06-10,88.15,88.15,85.77,87.54,637800
2021-06-11,87.62,88.85,86.77,88.85,801200
2021-06-14,88.85,89.08,88.46,89,642700
2021-06-15,89,90,88.92,90,667600
2021-06-16,89.08,90.23,89.08,89.62,532500
2021-06-17,89.23,89.62,88.46,89.62,588400
2021-06-18,89.31,89.62,88.77,89.23,366100
2021-06-21,89.23,89.23,87.54,87.69,669000
2021-06-22,88,88.77,87.69,88.46,528900
2021-06-23,88.54,88.69,88,88.54,588000
2021-06-24,89.15,89.15,88.46,88.85,634400
2021-06-25,88.85,89.23,88.46,89.15,470100
2021-06-28,89.23,89.31,88.15,88.85,514200
2021-06-29,89,92.31,88.69,92.31,666900
2021-06-30,92.31,93.62,92.15,93.46,595200
2021-07-01,93.46,93.46,92,92.85,534300
2021-07-02,93.08,93.15,92.15,92.77,506800
2021-07-05,92.31,93.08,90.62,91,480300
2021-07-06,90.92,92.23,90.62,91.77,567200
2021-07-07,91.77,93.69,91.31,93.69,839800
2021-07-08,93,93.08,91,92.54,494800
2021-07-09,92.46,92.46,90.23,91.46,636700
2021-07-12,91.46,93.46,88,92.31,1009700
2021-07-13,92.31,92.31,90.62,92.23,544200
2021-07-14,92.23,92.69,85.85,90,1100100
2021-07-15,89.92,89.92,84,88.31,1035600
2021-07-16,88.31,88.77,87.31,88.77,667200
2021-07-19,88.23,88.23,85.38,87.69,575900
2021-07-20,87.38,88.08,84.62,88.08,515500
2021-07-21,87.69,88.08,86.38,87.69,514000
2021-07-22,87.62,87.85,86.77,87.69,544600
2021-07-23,87.62,87.62,85.23,87.23,536500
2021-07-26,86.92,87.69,85.77,87.69,618700
2021-07-27,87.69,88.85,87.54,88.38,622500
2021-07-28,88.08,88.08,87.15,88,520600
2021-07-29,88,88,86.38,88,499600
2021-07-30,88.08,88.08,86.46,86.92,531100
2021-08-02,86.92,89.15,86.92,88.85,499100
2021-08-03,88.69,89.46,88,89.23,573800
2021-08-04,89.23,89.38,88.46,89.38,501500
2021-08-05,89.54,89.62,88.08,89.62,370000
2021-08-06,89.85,90.38,89.23,90.31,474000
2021-08-09,89.85,92.08,89.23,91.92,612100
2021-08-10,91.92,92.31,90.38,91.31,496900
2021-08-11,91.38,91.46,90.77,91.31,514200
2021-08-12,91.31,91.54,89.92,91.31,479400
2021-08-13,91.31,91.31,89.62,90.77,535200
2021-08-16,90.85,90.85,89.46,90.23,479300
2021-08-17,90.31,90.31,89.85,90.23,515600
2021-08-18,90.23,90.92,90.08,90.77,847700
2021-08-19,90.77,92.31,90.54,92.31,1395400
2021-08-20,91.54,92.31,90.38,92.15,1628900
2021-08-23,91.92,92.54,90.92,92.54,1568100
2021-08-24,92.62,94.46,92.15,94.46,1511400
2021-08-25,95,97.69,94.62,97.69,1411700
2021-08-26,96.77,97.62,95.62,96.77,1114900
2021-08-27,97,97.54,96,97.54,1411900
2021-08-30,97.31,97.69,95.38,97.62,1228100
2021-08-31,97.54,97.54,96.15,97.31,1053100
2021-09-01,96.54,97.15,95.85,96.54,864900
2021-09-06,95.92,96.92,95.92,96.69,1004300
2021-09-07,96.54,96.54,95.23,95.85,821500
2021-09-08,95.85,95.85,94.62,95.85,813400
2021-09-09,95.85,99.23,95.38,99.23,1226800
2021-09-10,99.62,100,99.38,99.85,921800
2021-09-13,99.85,99.85,98.46,98.46,1019600
2021-09-14,98,98.31,96.15,96.77,886300
2021-09-15,96.38,97.23,96.38,96.92,688100
2021-09-16,96.92,97.08,96.23,96.92,713100
2021-09-17,96.92,97,95.38,96.08,1237700
2021-09-20,96.15,96.85,95,95.54,704400
2021-09-21,95.54,95.54,93.85,95,631600
2021-09-22,95,95.15,93.46,94.85,701200
2021-09-23,94.85,95.38,93.85,95.15,697200
2021-09-24,95.08,96.31,94.62,96.15,1043200
2021-09-27,96.23,99.77,96.15,99.23,1228000
2021-09-28,99.08,99.46,98.46,99.23,842800
2021-09-29,99.23,99.31,97.69,98.85,855900
2021-09-30,98.46,99.08,97.62,98.38,761000
2021-10-01,98.08,99.23,96.54,99.08,764200
2021-10-04,99.08,101.54,98.85,101.38,1035800
2021-10-05,101.08,101.31,99.38,100.62,813900
2021-10-06,100.62,100.62,98.46,99.54,740600
2021-10-07,99.54,100,97.92,99.08,745200
2021-10-08,99.08,99.23,97.77,99.15,724900
2021-10-11,99.77,101.92,99.23,101.92,1098600
2021-10-12,101.92,102.15,101.38,101.92,922800
2021-10-13,102.15,103.15,101.92,103,815200
2021-10-14,102.54,103.38,101.92,103.38,817100
2021-10-15,103.38,103.46,100.69,101.31,982000
2021-10-18,100.77,101.23,99.85,100.92,844300
2021-10-19,100.77,104,100,104,1077000
2021-10-20,104,105,102.54,104.54,938400
2021-10-21,104.54,104.54,101.38,101.38,864500
2021-10-22,101.46,102.15,101.23,101.38,788400
2021-10-25,101.38,102.69,101,101.38,898200
2021-10-26,101.38,102,100.54,101.92,876300
2021-10-27,101.92,103.85,101.77,103.08,922500
2021-10-28,103.08,103.38,102.15,102.69,887800
2021-10-29,102.31,103.08,101.54,101.54,763800
2021-11-01,101.46,101.46,99.92,100,991500
2021-11-02,100,101.54,100,101.54,919800
2021-11-03,101.38,101.54,98.46,99.85,728500
2021-11-04,99.46,99.85,98,99.69,681700
2021-11-05,99.69,100.23,99.38,100,869300
2021-11-08,99.85,101.54,99.69,101.38,1047900
2021-11-09,101.46,101.46,99.46,100.77,798700
2021-11-10,100.77,100.77,99.08,99.77,716900
2021-11-11,99.38,99.54,97.92,98.92,823500
2021-11-12,98.62,99.15,98.08,98.92,755200
2021-11-15,98.54,98.92,96.92,97.69,803300
2021-11-16,97.31,98.38,96.54,98.38,798400
2021-11-17,98.08,98.46,97.69,98.38,746000
2021-11-18,98.38,98.46,96.62,97.31,907700
2021-11-19,97.31,98.38,97.08,98.31,958800
2021-11-22,98.62,98.77,96.92,98.46,799300
2021-11-23,98.31,101.62,98.08,101.54,1315200
2021-11-24,101.85,101.85,100.62,101.69,1180200
2021-11-25,101.69,102.15,100.69,101.54,1018500
2021-11-26,101.38,101.38,98.54,99.62,911400
2021-11-29,99.15,99.15,95.77,96.15,873500
2021-11-30,94.62,95.15,93.54,94.23,669000
2021-12-01,93.54,93.85,89.85,92.31,819000
2021-12-02,92.31,93,92.08,92.62,814300
2021-12-03,92.62,92.92,91,92.62,805100
2021-12-06,92.15,92.69,90.77,92.69,775800
2021-12-07,92.31,94.62,91.15,94.62,921000
2021-12-08,94.46,94.62,92.38,93.38,732800
2021-12-09,93,95,91.92,95,839700
2021-12-10,95.08,96.15,94.23,95.77,677000
2021-12-13,95.77,96.92,95.38,96.77,907500
2021-12-14,96.92,96.92,94.69,95.38,794800
2021-12-15,95.31,95.62,94.54,95.38,779800
2021-12-16,94.69,95.38,93.15,94.46,771600
2021-12-17,94.54,95.08,93.38,94.23,744300
2021-12-20,94.23,94.23,92.31,93.92,708000
2021-12-21,93.77,94.23,93.46,94.23,680800
2021-12-22,94.23,94.62,93.08,94.38,698600
2021-12-23,94.38,95.31,92.85,95.31,690500
2021-12-24,95.31,95.77,94.46,95.38,776800
2021-12-27,95.38,96.15,94.62,96.15,718700
2021-12-28,96.69,96.85,94.38,96.31,770700
2021-12-29,96.31,96.46,94.92,96.31,863100
2021-12-30,95.85,96.92,95.38,96.92,881800
2021-12-31,96.92,98.69,96.77,98.69,894700
2022-01-04,98.69,98.69,96.92,96.92,689600
2022-01-05,96.77,96.85,94.62,94.62,570100
2022-01-06,94.62,95.69,94.38,95.23,627100
2022-01-07,95.23,95.46,93.69,95.23,642900
2022-01-10,95.31,95.31,94.23,94.85,647100
2022-01-11,95,95.23,93.85,95.23,681400
2022-01-12,94.62,94.77,92.92,94.77,624600
2022-01-13,94.62,94.62,92.31,93.85,706800
2022-01-14,93.77,94.08,93.08,93.85,585400
2022-01-17,93.46,93.85,92.31,92.69,644300
2022-01-18,92.69,95.77,92.31,95.77,842300
2022-01-19,95.38,97.15,93.85,97.15,1015700
2022-01-20,96.92,97.15,95.08,95.08,901800
2022-01-21,95.08,95.15,93.08,93.85,515100
2022-01-24,93.69,93.85,90.23,92.69,605600
2022-01-25,92.69,93.31,91.15,93.31,576600
2022-01-26,93.31,93.31,91.54,93.15,666100
2022-01-27,93.08,93.69,91.62,93.15,714600
2022-01-28,93.46,94.38,93.15,93.77,574300
2022-02-07,94.46,100.31,94.46,100.31,1056700
2022-02-08,100.54,102.08,100.08,101.15,829100
2022-02-09,100.62,103.85,99.85,103.85,1157100
2022-02-10,103.69,103.69,101.77,102.31,1069200
2022-02-11,102.15,102.23,99.85,102.15,872700
2022-02-14,101.54,107.69,101.54,107.69,1282800
2022-02-15,106.85,107.69,105.38,107.08,908700
2022-02-16,107.31,107.31,105.46,107.08,640900
2022-02-17,106.92,108.92,106.38,108.92,1176900
2022-02-18,107.77,114.62,107.77,114.62,1422400
2022-02-21,113.46,114.31,112.31,112.31,974300
2022-02-22,110.77,111,108.62,109.85,799500
2022-02-23,109.54,114.62,109.23,114,1153400
2022-02-24,113,114,110.38,113.85,731400
2022-02-25,113.92,113.92,111.62,111.62,754400
2022-02-28,111.15,111.15,106.62,107.77,794300
2022-03-01,106.92,109.62,106.92,108.38,808300
2022-03-02,108.31,111.54,107.92,111.54,1116200
2022-03-03,111.54,111.54,108.69,110.31,641900
2022-03-04,109.62,109.85,107.23,107.23,691700
2022-03-07,106.62,106.62,103.08,103.23,799700
2022-03-08,103.08,105.38,102.92,105.38,863400
2022-03-09,105.31,109,105,107.69,958200
2022-03-10,107.69,107.92,106.92,106.92,789300
2022-03-11,106.54,107.54,105.77,106.54,1010700
2022-03-14,106.62,112.54,106.46,111.54,1427400
2022-03-15,111.54,113.85,111.15,113.85,1413500
2022-03-16,113.08,113.08,110.92,113.08,1041100
2022-03-17,112.31,113.08,110.77,111.54,1006900
2022-03-18,110.92,114,109.77,114,2407800
2022-03-21,112.38,112.38,110,110.23,788200
2022-03-22,110.23,110.23,107.69,108.31,744000
2022-03-23,108.31,108.46,107.08,108.46,721600
2022-03-24,108.46,110.77,107.62,110.77,1171100
2022-03-25,110.77,110.77,109.54,110,807500
2022-03-28,109.85,109.92,107.31,108.31,738800
2022-03-29,108.31,109.92,107.69,109.92,1037400
2022-03-30,109.23,109.62,107.31,108.08,721200
2022-03-31,108,108.69,107.31,108.08,598100
2022-04-01,108.08,108.46,105,108.38,665600
2022-04-04,108.38,110.38,106.92,109.92,988900
2022-04-05,109.92,110.38,108.85,108.85,666200
2022-04-06,108.46,108.69,106.85,108.46,609800
2022-04-07,108.08,108.08,105.38,105.38,728900
2022-04-08,105.38,106.77,105,106.46,661700
2022-04-12,107.08,107.69,105.77,106.15,770500
2022-04-13,106.23,106.54,105.69,106.23,772300
2022-04-14,105.77,106.62,103.85,105.31,639100
2022-04-15,105.31,105.54,104.15,104.54,600600
2022-04-18,104.62,106.92,103.85,106.38,777600
2022-04-19,106.38,110.08,105.54,110.08,1011500
2022-04-20,109.85,111,108.85,109.23,771600
2022-04-21,107.69,109.38,105,105,732600
2022-04-22,105.08,108.46,105.08,106.31,908300
2022-04-25,106.31,106.54,98.92,100.77,637900
2022-04-26,99.62,102,95.77,99.23,681900
2022-04-27,96.54,99.62,96.15,99.23,483300
2022-04-28,98.46,99.46,96.92,99.23,393400
2022-04-29,98.85,100.62,97.31,99.92,547400
2022-05-04,99.62,101,99.23,100.23,488600
2022-05-05,100,100.62,98.77,100.62,431400
2022-05-06,100,100,97.54,98.46,369700
2022-05-09,97.69,98.46,94.23,95.38,561000
2022-05-10,95.31,99.31,94.23,99.31,625400
2022-05-11,99.15,99.23,97,97.31,532100
2022-05-12,97.31,97.38,93.46,96,633600
2022-05-13,95.77,98,95,96.85,687900
2022-05-16,97.15,97.69,94.62,96.92,619700
2022-05-17,96.92,98.46,95.08,98.46,610300
2022-05-18,98.08,98.08,95.38,96.69,660900
2022-05-19,95.38,96.77,94,96.38,757000
2022-05-20,96.46,96.54,94.62,96.38,502300
2022-05-23,96.38,96.54,94.08,96.15,648900
2022-05-24,96,96.38,94.62,96.38,608800
2022-05-25,95.77,96.85,94.92,96.69,778900
2022-05-26,96.69,96.69,95,96.15,583700
2022-05-27,96.15,97.69,95.46,97.69,858700
2022-05-30,97.92,101.92,97.92,101.92,1157800
2022-05-31,102,102,99.85,100.69,638700
2022-06-01,100.38,101.15,99.69,101,662200
2022-06-02,101.15,101.15,98.46,99,822800
2022-06-03,98.85,98.92,96.46,97.69,631300
2022-06-06,96.54,98.54,96.15,98.15,681100
2022-06-07,97.69,97.69,96.54,97.54,607500
2022-06-08,97.31,97.85,96.77,97.69,656500
2022-06-09,97.15,98.31,96.77,98.31,643900
2022-06-10,97.92,99.15,96.92,98.23,683500
2022-06-13,97.31,97.54,95,96.08,584500
2022-06-14,95.38,96,94.85,96,625300
2022-06-15,96,96.23,94.54,95.77,691800
2022-06-16,95.62,98.08,94.92,96.46,678700
2022-06-17,96.15,96.23,93.92,96.08,561700
2022-06-20,96.15,97.85,95.92,97.69,759500
2022-06-21,96.92,98.46,96.15,98.31,710600
2022-06-22,98.31,100,98.08,99.46,930700
2022-06-23,99.46,99.69,97.15,98.62,682700
2022-06-24,98.69,99.23,97.31,98.69,621000
2022-06-27,99.23,102.31,98.69,102.31,964000
2022-06-28,102.31,102.46,101.15,102.31,629900
2022-06-29,102.23,102.23,100.77,101.77,540900
2022-06-30,101.38,101.85,99.38,100,561300
2022-07-01,99.23,100.08,97.92,100.08,517700
2022-07-04,100,100.08,99.38,99.69,585200
2022-07-05,99.62,99.62,96.85,96.85,518100
2022-07-06,96.77,97.77,95.77,97.77,632800
2022-07-07,97.54,99.46,97.38,99.46,613000
2022-07-08,99.46,99.46,97.69,98.31,450200
2022-07-11,97.69,98.31,96.92,98,509500
2022-07-12,98,98.08,96.38,96.54,644400
2022-07-13,96.54,97,96,96,472500
2022-07-14,95.92,97.85,95.38,97.46,529100
2022-07-15,97.54,97.54,95.69,95.92,347400
2022-07-18,96,96,95.31,95.54,398500
2022-07-19,95.62,95.77,94.62,95.77,365500
2022-07-20,95.77,96.54,95.38,96.54,492100
2022-07-21,96.62,97.62,96.23,96.92,476500
2022-07-22,97.15,97.15,95.77,96.62,492300
2022-07-25,96.38,96.77,95.77,96.77,581500
2022-07-26,96.69,96.85,96.15,96.23,427700
2022-07-27,96.15,96.38,95.85,96.38,439200
2022-07-28,96.77,98,96.15,98,556700
2022-07-29,98,98,96.54,96.69,490800
2022-08-01,96.92,97.77,96.69,97.77,438800
2022-08-02,96.77,98.38,96.69,97.15,245000
2022-08-03,97.54,98.08,96.77,97.69,412500
2022-08-04,97.77,99.38,97,99.38,741300
2022-08-05,99.38,99.38,97.23,97.31,797800
2022-08-08,97.31,97.62,96.15,96.31,387900
2022-08-09,96.15,97.23,96,97.23,664800
2022-08-10,96.92,96.92,96.23,96.46,762000
2022-08-11,96.92,96.92,96.31,96.31,700200
2022-08-12,96,96.31,95.38,95.62,660300
2022-08-15,95.62,96.38,95.54,95.69,668200
2022-08-16,95.54,95.62,94.85,94.92,676900
2022-08-17,94.92,95.46,94.85,95,769800
2022-08-18,95.31,95.46,94.85,95.38,1042800
2022-08-19,95.31,95.38,94.77,95.38,555000
2022-08-22,95,95.38,94.77,95.31,259100
2022-08-23,94.77,95.15,94.31,95,613900
2022-08-24,94.62,95.15,94.62,95,508000
2022-08-25,95,95,94.62,94.92,370700
2022-08-26,95.15,95.15,93.69,94.62,662500
2022-08-29,94.46,94.46,91.92,93.85,445400
2022-08-30,93.85,94.23,92.38,94.15,261100
2022-08-31,93.08,93.77,92.69,93.54,526400
2022-09-05,93.46,93.46,91.92,92.31,554600
2022-09-06,92.31,92.31,90.85,92.08,513000
2022-09-07,91.69,91.69,87.62,87.62,940300
2022-09-08,87.62,88.46,87.54,88.46,560100
2022-09-09,88.46,90.85,88.46,90.77,381000
2022-09-12,90.77,90.77,89.46,90.38,393900
2022-09-13,90.77,90.77,90,90.31,475000
2022-09-14,88.69,89.62,88.69,89.38,480200
2022-09-15,89.23,89.62,88.46,89.23,677300
2022-09-16,89.23,89.23,88.46,89,2146600
2022-09-19,89.31,89.31,88.08,88.46,330500
2022-09-20,88.15,89.31,88.15,89.31,324500
2022-09-21,88.23,89.23,87.85,88.46,353900
2022-09-22,87.77,88.46,86.69,88.46,547600
2022-09-23,87.69,88,86.77,86.77,375400
2022-09-26,86.08,86.08,84.69,84.69,504100
2022-09-27,84.77,85.15,84.62,85,280600
2022-09-28,85,85,83.85,84.69,409900
2022-09-29,84.77,85.46,84.54,84.69,245700
2022-09-30,84.62,86.92,84.54,85.31,409900
2022-10-03,84.62,85.38,83.85,84.62,285900
2022-10-04,84.62,86.85,84.54,86.85,350600
2022-10-05,87.62,89.85,87.38,88.46,637600
2022-10-06,87.92,88.46,86.92,87.85,309600
2022-10-07,87.69,88.46,87.38,88.46,824500
2022-10-10,88.23,88.23,84.62,84.62,538600
2022-10-11,86,86,81.62,82.31,618200
2022-10-12,82.31,83.77,80.85,83.62,418700
2022-10-13,84.54,84.54,80.92,83.62,322000
2022-10-14,83.54,83.85,82.31,83.85,345500
2022-10-17,83.69,83.85,81.92,83.85,238300
2022-10-18,83.08,84.62,82.62,83.92,306800
2022-10-19,83.85,84.15,83.15,83.92,170600
2022-10-20,84.15,84.62,83.31,83.77,221800
2022-10-21,83.85,84.08,81.92,83.77,206800
2022-10-24,83.77,83.77,81.15,82.31,207800
2022-10-25,82.31,83.08,81.54,83.08,179000
2022-10-26,83.08,83.69,81.54,82.69,129500
2022-10-27,82.69,83.38,81.69,83.08,114400
2022-10-28,83.69,83.69,81.54,82.92,136800
2022-10-31,82.69,83.08,81.15,82.77,154700
2022-11-01,82.85,83.08,81.69,81.77,111300
2022-11-02,82.15,82.15,77,80.77,289600
2022-11-03,75.38,80.38,75.38,79,167300
2022-11-04,77,78.92,73.92,77,236200
2022-11-07,74.23,78.46,74.23,77.08,230000
2022-11-08,77.62,79,76.54,77.23,284900
2022-11-09,77.38,78.46,74.62,77.38,210400
2022-11-10,77.38,78.23,76.46,76.92,218200
2022-11-11,75.08,78.23,75.08,77.92,157100
2022-11-14,77.92,78.46,75.38,78.38,376200
2022-11-15,78,78.46,76.77,78.31,324900
2022-11-16,78.23,83.77,77,78.38,396900
2022-11-17,78.77,78.92,77.69,78.54,333500
2022-11-18,78.54,78.77,77.46,78.62,317800
2022-11-21,78.62,78.62,75.46,77.38,109600
2022-11-22,76.08,78.69,75.38,75.46,331800
2022-11-23,75.46,77.77,74.38,77.23,113300
2022-11-24,77.15,77.85,76.15,77.85,303300
2022-11-25,78.23,78.46,77.85,78.46,277600
2022-11-28,78.46,78.92,77.77,78.62,220400
2022-11-29,76.38,79.15,76.38,79.08,530200
2022-11-30,79.23,79.31,75.77,79.23,590000
2022-12-01,78.08,79.46,77,79.38,745100
2022-12-02,79.23,81.92,79.15,81.92,768700
2022-12-05,81.92,83.31,81.92,82.23,681200
2022-12-06,82.15,82.85,81.15,81.54,682600
2022-12-07,80.77,81.69,79.38,81.54,461600
2022-12-08,81.46,82.85,80.38,82.31,658000
2022-12-09,82.31,88,81,85.77,491700
2022-12-12,86.54,86.92,84.31,85.69,465800
2022-12-13,85.62,86.15,84.31,86.15,481700
2022-12-14,86.23,86.38,83.85,86.31,416800
2022-12-15,86.23,86.85,85,86.85,267800
2022-12-16,85.46,86.92,84.69,86.92,575000
2022-12-19,86.85,86.85,84.62,85.54,322000
2022-12-20,85.38,86.08,83.85,85.62,374800
2022-12-21,85.62,86.77,85,85.85,351400
2022-12-22,85.92,86.69,83.92,85.62,222000
2022-12-23,85.62,86,82.77,85.77,258800
2022-12-26,85.77,85.77,82.85,83.77,151200
2022-12-27,85.38,85.38,84.38,84.85,114100
2022-12-27,85.31,86.85,82.62,83.08,249200
2022-12-28,82.92,85.46,81.69,85,225600
2022-12-29,85.08,86.31,83.69,84,400000
2022-12-30,86.85,86.85,83.46,84.23,132900
2023-01-03,84.23,85.92,83.92,85.92,395900
2023-01-04,86.54,86.54,83.85,84.92,195200
2023-01-05,85.31,85.38,84.46,84.62,388800
2023-01-06,84.69,84.77,82.77,82.92,367500
2023-01-09,84.08,84.08,83.15,84,387400
2023-01-10,84,84.23,83.08,83.92,407800
2023-01-11,83.85,85,83.77,84.69,414600
2023-01-12,85.08,85.08,83.46,84.46,258600
2023-01-13,84.46,84.69,82.85,82.85,236100
2023-01-16,83.15,84.62,82.54,82.54,146000
2023-01-17,83.92,85.08,82.31,85.08,467400
2023-01-18,83.92,86.38,83.92,86.38,467600
2023-01-19,86.15,88.46,86.15,88.08,541200
2023-01-27,88.08,90.77,88.08,89.38,230300
2023-01-30,90.08,90.08,86.92,86.92,337000
2023-01-31,88,89.46,86.15,89.46,296100
2023-02-01,89.23,89.23,85.38,87.62,351500
2023-02-02,88.08,88.38,86.15,86.15,315700
2023-02-03,86.23,87.23,83.92,83.92,166100
2023-02-06,83.15,85,82.69,84.23,238100
2023-02-07,83.31,84.31,83.08,84.15,137700
2023-02-08,84.08,84.23,83.08,83.08,137400
2023-02-09,82.85,83.85,78.38,78.38,217800
2023-02-10,78.46,80,76.46,78.46,151600
2023-02-13,78.46,79.31,77.69,79.31,137800
2023-02-14,79.31,79.31,77.69,79.08,186100
2023-02-15,79.08,79.23,77.77,79,183900
2023-02-16,77.69,79.08,77.69,79.08,137800
2023-02-17,79.15,79.15,77.85,78.92,214200
2023-02-20,78.85,79.08,78.23,78.92,229000
2023-02-21,79,80,78.69,78.85,298700
2023-02-22,78.69,78.77,77.54,77.54,382400
2023-02-23,78.62,78.62,75.31,75.54,590400
2023-02-24,75.62,76.69,73.85,74,600600
2023-02-27,72.31,76.08,72.31,75.77,166100
2023-02-28,76.08,76.92,74.62,76.92,317800
2023-03-01,76.15,78.08,75.23,78.08,194400
2023-03-02,76.92,78.15,75.46,78.15,296000
2023-03-03,78.23,78.23,75.38,77.85,270600
2023-03-06,77.77,78.31,74.08,74.08,324600
2023-03-07,76.15,77.85,74.69,74.69,222500
2023-03-08,74.77,76.15,74.77,75.62,122200
2023-03-09,77.23,79.23,76.92,78.31,438400
2023-03-10,79.08,79.08,75.85,77.38,304900
2023-03-13,77.69,78.62,76.23,77.46,299300
2023-03-14,76.77,78.85,76.77,78.23,219900
2023-03-15,79.08,80.69,78.92,80.69,260600
2023-03-16,80.69,81.23,76.62,78.46,320600
2023-03-17,79.92,83.77,78.46,83.77,830700
2023-03-20,80.92,82.92,79.31,81.23,281500
2023-03-21,80.38,86.85,78.15,79.85,418000
2023-03-22,80,81,78.54,80.77,207600
2023-03-23,80.38,81.54,78.92,81.15,221700
2023-03-24,81.46,81.54,80.46,81.38,257300
2023-03-27,81.77,81.92,79.92,81.92,184700
2023-03-28,81.23,82.08,80.38,81.85,149300
2023-03-29,81.69,81.85,80,80.46,163100
2023-03-30,81.62,82.69,80.15,82,147700
2023-03-31,81.77,82,80.38,81.46,180900
2023-04-03,80.85,81.54,79.54,80.15,225900
2023-04-04,79.23,79.54,78.62,78.62,285800
2023-04-05,79.15,79.15,77.69,79,175900
2023-04-06,79.54,79.54,78.08,78.85,197300
2023-04-07,78.69,78.77,78.15,78.62,147700
2023-04-10,79.15,79.23,77.85,78.69,285100
2023-04-11,78.69,78.69,77.69,78.69,264300
2023-04-12,78.46,78.46,76.38,76.46,213400
2023-04-13,76.23,76.92,75.54,76.15,81100
2023-04-14,76.62,77,75.46,75.77,83000
2023-04-17,75.92,76.69,75.38,76.46,190900
2023-04-18,76.31,76.92,76,76.92,127300
2023-04-19,76.15,76.92,75.85,76.92,124000
2023-04-20,76.23,77.92,76.23,77.92,81900
2023-04-21,76.62,76.77,75.08,75.38,110600
2023-04-24,74.77,75,73.77,74.46,221000
2023-04-25,74.92,75.08,73.15,73.15,262400
2023-04-26,73.62,74.54,72.92,73.69,161500
2023-04-27,73.23,73.77,73.08,73.23,75200
2023-04-28,73.77,74.08,73.54,73.54,119300
2023-05-04,75.38,75.38,73.77,73.77,198800
2023-05-05,73.46,74.46,73.46,73.69,36300
2023-05-08,74,74.69,73.69,73.77,42600
2023-05-09,74,74.08,73.46,73.46,74200
2023-05-10,73.38,74.08,73.38,74,208200
2023-05-11,74.38,74.62,73.77,74.15,131300
2023-05-12,74.08,74.46,73.62,74.31,330500
2023-05-15,75,75.15,74.15,74.69,751700
2023-05-16,75,75,74.62,74.92,951700
2023-05-17,75,76.23,75,76.08,949200
2023-05-18,75.38,76.54,75.23,76.54,1064700
2023-05-19,76.31,76.92,75.54,75.92,931700
2023-05-22,76,76.46,75,76.38,1130100
2023-05-23,76.31,76.69,75.38,75.85,1073700
2023-05-24,75.92,76.15,75.31,75.69,811100
2023-05-25,75.69,75.92,74.38,75.38,978800
2023-05-26,75.38,76.15,74.92,75.46,868400
2023-05-29,75.46,76.54,75.46,76.54,516400
2023-05-30,76.54,76.77,75.38,75.77,538000
2023-05-31,75.77,76.46,75,75,587100
2023-06-01,75.46,75.85,74.62,75,491600
2023-06-02,75.69,76.08,74.23,74.46,592600
2023-06-05,75.38,76.15,74.15,74.46,604000
2023-06-06,74.69,75.38,74.31,75.15,480600
2023-06-07,75.31,75.31,74.31,74.31,478300
2023-06-08,74.54,75.31,73.92,74.77,763300
2023-06-09,74.31,74.92,73.85,73.85,787000
2023-06-12,73.85,74.38,73.15,74.15,750900
2023-06-13,74.23,74.54,73.69,74.23,1037500
2023-06-14,74.23,75,74,74.69,1357500
2023-06-15,74.92,75.15,74.46,74.69,875300
2023-06-16,74.85,75.08,73.46,73.46,872500
2023-06-19,73.85,74.15,73.38,73.54,633600
2023-06-20,73.62,73.92,72.92,73.15,775800
2023-06-21,73.38,73.69,72,72.31,840600
2023-06-22,72.85,73.08,72.15,72.46,689500
2023-06-23,72.46,72.85,71.92,72.85,551700
2023-06-26,72.85,73.85,72.54,72.92,915900
2023-06-27,72.92,73.54,72.69,73.23,694000
2023-06-28,73.23,73.46,72.85,73,688500
2023-06-29,73,73.23,72.15,72.38,667300
2023-06-30,72.15,72.77,72.15,72.54,658000
2023-07-03,72.69,73.08,72.38,72.62,1055700
2023-07-04,72.54,72.85,72.38,72.38,771000
2023-07-05,72.77,72.77,72.23,72.54,864000
2023-07-06,72.54,72.62,72.08,72.54,771500
2023-07-07,72.54,72.62,72.15,72.15,768600
2023-07-10,72.46,72.54,71.46,72.46,834800
2023-07-11,72.46,72.54,71.62,72.46,818400
2023-07-12,72.23,72.31,71.85,72.23,842800
2023-07-13,72.23,73,72.23,73,1482400
2023-07-14,73.15,75.31,73.15,75.31,1712900
2023-07-17,75.38,76,74.77,74.85,785000
2023-07-18,74.38,74.92,74.08,74.08,908000
2023-07-19,74.08,74.62,74,74.38,791000
2023-07-20,74.46,75.23,74.08,75.23,942200
2023-07-21,75.23,75.38,74.23,75.38,954200
2023-07-24,75.38,75.62,74.38,74.46,914700
2023-07-25,74.54,74.69,73.46,74.69,1084400
2023-07-26,74.23,74.62,73.92,74.23,720900
2023-07-27,74.31,74.69,74.08,74.54,765600
2023-07-28,74.54,75.23,74,75.23,846400
2023-07-31,75.08,78.46,74.85,78.46,1042200
2023-08-01,78.46,79.46,77.46,77.85,776800
2023-08-02,77.85,78,76.31,77.54,723200
2023-08-03,77.69,79,76.77,77.69,830800
2023-08-04,77.69,78.46,76.85,77.69,1195400
2023-08-07,77.85,78.38,76.92,78.38,841800
2023-08-08,78.46,79.54,77.46,79.23,810100
2023-08-09,79.46,79.62,78.08,78.15,649600
2023-08-10,78.46,79.08,77.38,77.46,828200
2023-08-11,77.38,77.92,76.85,77.77,850500
2023-08-14,78.08,78.08,76.62,77.08,1032300
2023-08-15,77.31,78.38,76.54,78.38,823200
2023-08-16,78.46,78.46,77.08,77.54,744100
2023-08-17,77.54,77.92,76.54,76.92,962200
2023-08-18,76.92,77,73.85,75.31,1127200
2023-08-21,75.15,75.77,73.85,73.85,1071900
2023-08-22,75.23,76.08,73.85,74.85,956800
2023-08-23,74.85,75.77,73.85,74.23,878400
2023-08-24,74.54,75.54,74.08,75,841700
2023-08-25,74.23,75.15,74.15,74.62,907800
2023-08-28,75,75.77,74.46,75.38,1039100
2023-08-29,75.38,75.62,74.23,75,778500
2023-08-30,75,75.38,74.15,74.54,838400
2023-08-31,74.62,75.38,73.92,75.38,714200
2023-09-05,75.46,77.38,74.92,77.31,1412400
2023-09-06,77.38,78.31,76.54,78.23,1019200
2023-09-07,77.77,78.38,77.08,77.69,904000
2023-09-08,77.23,78.31,77.15,78,854100
2023-09-11,78.08,78.31,76.15,76.15,1231700
2023-09-12,76.54,78.38,76.31,78.38,1000600
2023-09-13,78.38,78.38,76.15,76.15,980200
2023-09-14,76.15,76.92,74.62,76.15,1017700
2023-09-15,76.54,77.08,75.92,76.69,936500
2023-09-18,76.54,76.62,75.38,76,876000
2023-09-19,76.08,76.46,75.23,76.46,928300
2023-09-20,76.46,76.62,75.69,76.46,919700
2023-09-21,76.15,76.54,75.54,76.38,1105700
2023-09-22,75.38,75.77,74.23,75.08,854100
2023-09-25,74.62,75.77,73.92,75.38,1111400
2023-09-26,75.77,76.15,74.54,75.38,1427400
2023-09-27,75.38,76.69,75.23,76.69,1060300
2023-09-28,76.15,76.54,73.77,76.38,2192600
2023-09-29,76.46,76.69,75.77,76.38,2086400
2023-10-02,76.38,76.46,74.77,75.77,1381000
2023-10-03,75.38,75.62,73.85,75.31,1128200
2023-10-04,75.31,75.38,74.08,74.46,894600
2023-10-05,75,75,73.46,73.46,981300
2023-10-06,73.46,74.62,72.31,74.62,780000
2023-10-09,74.62,74.92,73.54,74.69,754000
2023-10-10,74.85,75,73.85,74.85,904500
2023-10-11,75,75.08,74.23,75.08,791700
2023-10-12,75.15,75.38,74.54,75.15,853700
2023-10-13,75,80.38,74.31,79.85,1313700
2023-10-16,79.92,79.92,77.85,78.85,822700
2023-10-17,78.46,79.23,78.31,79.15,941400
2023-10-18,79.23,80.77,78.62,80.69,1297400
2023-10-19,80.69,81.15,80,80.85,1009700
2023-10-20,80.85,81,79.69,80.92,897600
2023-10-23,80.92,81,76.85,79.62,1069900
2023-10-24,79.62,79.85,78.38,79.69,890700
2023-10-25,79.69,80,77.38,79.08,851600
2023-10-26,78.69,78.69,76.15,76.77,793900
2023-10-27,76.77,76.77,74.77,76.77,800300
2023-10-30,76.69,76.69,74.62,75.38,704100
2023-10-31,76.15,76.92,74.92,76.15,1038100
2023-11-01,76.31,80.77,76.15,80.31,905400
2023-11-02,80.69,80.69,78,80.69,754300
2023-11-03,80.69,81.92,80.62,81.92,1021600
2023-11-06,81.92,83,81.23,82.54,1241900
2023-11-07,82.31,82.54,80.85,81.54,886300
2023-11-08,80.85,87.23,80.08,86.92,999200
2023-11-09,86.92,86.92,83.38,83.38,921800
2023-11-10,82.69,84.62,81.15,83.85,934500
2023-11-13,83.85,83.85,81.62,83.08,1040600
2023-11-14,83.46,83.92,81.92,82.92,850500
2023-11-15,83.08,85.08,82.77,83.62,921200
2023-11-16,82.77,83.85,82.31,83.46,902000
2023-11-17,83.62,84.23,80,81.15,903200
2023-11-20,81.31,83.85,79.62,81.31,1043300
2023-11-21,81.54,82,80.46,82,885500
2023-11-22,82.23,83.31,80.77,83.23,781100
2023-11-23,83.46,83.77,80.77,80.77,835400
2023-11-24,81.46,82.54,80.08,81.77,874800
2023-11-27,81.77,82.23,77.69,81.54,747700
2023-11-28,81.85,82.62,81.08,81.92,728600
2023-11-29,82.15,82.77,81.08,82.15,830200
2023-11-30,81.54,82.15,78.46,78.46,1000400
2023-12-01,80.38,81.08,78.46,81.08,691700
2023-12-04,81.31,82.77,80,81.38,866300
2023-12-05,81.38,81.46,79.85,80.85,901900
2023-12-06,81.31,81.54,80.31,81.38,774200
2023-12-07,79.85,81.54,78.85,81.31,965000
2023-12-08,81.31,81.31,79.85,80.15,816300
2023-12-11,80.23,80.38,78.31,80.15,717800
2023-12-12,80.31,80.69,78.54,80.38,757900
2023-12-13,80.62,80.77,79.38,80.77,1061400
2023-12-14,80.92,81.31,80.62,81,783700
2023-12-15,81,81.15,79.23,79.23,892900
2023-12-18,80.69,80.77,78.46,80.77,726800
2023-12-19,80.77,80.77,79.77,80.23,728300
2023-12-20,80.23,80.77,79.31,80.23,1257400
2023-12-21,80,81.69,79.92,81,749900
2023-12-22,81.15,81.69,80.85,81.69,708900
2023-12-25,82.08,82.92,81.92,82.92,776700
2023-12-26,83.08,83.23,82.69,83.08,901400
2023-12-27,83.15,83.15,82.69,83,1381000
2023-12-28,82.92,83.08,81.85,83.08,1594600
2023-12-29,83.08,83.08,82.31,83.08,2055200
2024-01-02,83.08,83.31,82.15,82.31,929800
2024-01-03,82.31,82.85,81.08,82.85,882300
2024-01-04,83,83.08,81.08,82.92,667500
2024-01-05,83,83.08,81.69,82.77,633100
2024-01-08,82.92,82.92,81.69,82,626300
2024-01-09,81.85,82.08,80.92,81.92,628700
2024-01-10,82.08,82.08,80.23,81.31,670200
2024-01-11,81.46,81.54,80.54,81.38,616900
2024-01-12,81.23,81.38,79.92,81,659300
2024-01-15,81,81.38,80.15,80.92,613300
2024-01-16,80.38,81.08,80.23,81.08,732400
2024-01-17,81.08,81.08,79.92,80.46,735600
2024-01-18,80.46,80.77,79.77,80.23,697900
2024-01-19,80.23,80.92,80.23,80.77,613000
2024-01-22,80.77,81.38,80.69,81.23,630900
2024-01-23,81.23,81.38,79.62,80.77,701500
2024-01-24,80.77,81.15,79.85,80.54,660000
2024-01-25,80.62,80.77,80.38,80.69,615200
2024-01-26,80.38,81.38,80.38,81.31,678600
2024-01-29,81.46,81.54,81,81.38,621300
2024-01-30,81.46,81.54,81.15,81.23,622500
2024-01-31,81.23,81.38,79.69,80.46,644900
2024-02-01,80.46,81.15,80,81.15,610800
2024-02-02,81.31,81.31,80.31,80.62,622500
2024-02-05,80.62,81.08,79.85,81,670500
2024-02-06,81.15,81.15,80.38,80.38,617500
2024-02-07,80.54,81,80.23,81,615700
2024-02-15,81.08,81.15,80,80.38,690700
2024-02-16,80.38,81,80.31,81,635300
2024-02-19,81.46,81.54,80.31,80.92,615500
2024-02-20,80.77,80.92,80.23,80.23,648500
2024-02-21,80.23,80.38,79.38,79.38,657500
2024-02-22,79.38,80.54,79.38,79.69,621400
2024-02-23,79.85,80.31,79.54,79.85,670800
2024-02-26,79.92,80.69,79.92,80.38,605600
2024-02-27,80.62,80.62,79.62,79.62,647800
2024-02-28,79.62,80.54,79.46,79.54,638600
2024-02-29,79.69,80.23,79.31,79.31,728600
2024-03-01,79.85,80.23,79.38,79.46,650700
2024-03-04,79.62,80.15,79.46,79.69,669100
2024-03-05,80,80.31,79.62,80.31,552000
2024-03-06,80.31,80.38,79.38,79.92,470500
2024-03-07,79.92,80,79.46,79.92,590500
2024-03-08,80,80.15,79.31,79.77,636400
2024-03-11,79.62,80.08,79.23,79.23,613300
2024-03-12,79.62,79.62,78.46,78.85,658700
2024-03-13,79.15,79.69,78.46,78.62,671300
2024-03-14,79.15,79.15,77.69,78.46,695600
2024-03-15,78.38,79.15,77.31,79,705600
2024-03-18,79,79.23,77.31,78.31,618300
2024-03-19,78.31,78.46,76.92,77.69,589900
2024-03-20,78.08,78.46,77,77.85,690000
2024-03-21,78.23,79.31,77.85,78.92,741000
2024-03-22,78.92,79.23,78.08,78.62,599400
2024-03-25,78.46,78.62,77.46,77.46,628600
2024-03-26,77.08,78.92,77.08,78.38,664400
2024-03-27,78.23,79.31,77.69,79.23,707600
2024-03-28,79.23,79.38,78.23,79.38,635100
2024-03-29,79.54,79.54,78.77,79.23,664100
2024-04-01,79.31,79.31,78.46,79,719100
2024-04-02,78.38,79.23,78,79.23,815100
2024-04-03,78.92,79.38,77.62,78.62,871400
2024-04-04,78.69,79.31,78.46,78.62,810000
2024-04-05,78.62,79.23,77.92,78.38,750100
2024-04-08,78.77,78.85,77.31,77.77,800800
2024-04-09,77.77,78.77,77.77,78.62,804100
2024-04-10,78.85,78.85,77.69,78.46,902700
2024-04-11,78.08,78.46,77.54,77.69,947400
2024-04-12,77.92,82.62,77.69,82.31,1506000
2024-04-15,82,82,80.62,81.46,1101900
2024-04-16,81.38,82.54,80,81.54,1022900
2024-04-17,81.62,81.62,78.38,79.54,1099000
2024-04-19,78.46,79.69,78.46,79.46,947300
2024-04-22,79.46,80.15,78.54,79.46,810700
2024-04-23,80,80,77.69,79.08,1110500
2024-04-24,79.38,79.85,78.92,79.62,897100
2024-04-25,79.85,79.85,78.08,79.62,904500
2024-04-26,79.23,80,78.38,80,903600
2024-05-02,80,80.15,78.62,79.92,827700
2024-05-03,80,82,79.31,81.54,1092500
2024-05-06,81.69,87.23,81.69,87.23,1737400
2024-05-07,87.69,91.31,87.69,91.23,1560100
2024-05-08,90.69,90.69,88.92,90.31,1226200
2024-05-09,90.31,91.46,89.23,90.69,1130800
2024-05-10,90.69,90.77,89.08,89.92,924500
2024-05-13,90,92,88.85,91.38,1049800
2024-05-14,91.54,91.54,89.69,90,1079300
2024-05-15,89.69,91.08,89.69,90.23,1319000
2024-05-16,90.38,90.62,89.23,90.38,1113600
2024-05-17,90.62,91.85,89.77,90.31,995100
2024-05-20,90.54,90.62,88.15,88.15,1005800
2024-05-21,88.15,88.23,85.38,86.54,919800
2024-05-22,86.77,87.85,83.92,83.92,1177200
2024-05-23,84.08,86,83.85,85.69,840300
2024-05-24,85.38,85.38,83.08,83.08,776200
2024-05-27,83.31,84.15,82.85,83.85,638400
2024-05-28,84.54,84.54,83.46,84.31,686800
2024-05-29,84.31,84.38,82.54,83,816000
2024-05-30,82.31,83.38,82.31,82.31,661900
2024-05-31,82.69,83.69,82.38,82.38,719200
2024-06-03,82.92,84.46,82.54,83.62,940200
2024-06-04,83.85,83.85,83,83.38,695100
2024-06-05,83.85,84.15,83.08,83.08,785800
2024-06-06,83.15,84.46,82.92,83.54,951900
2024-06-07,83.77,84,83.08,83.85,992500
2024-06-10,83.85,85.62,83.54,83.85,1074400
2024-06-11,83.85,83.85,81.08,81.38,1532500
2024-06-12,81.46,81.77,80.38,81.77,1089200
2024-06-13,82,82,81,81.54,834400
2024-06-14,81.54,81.69,80,80.62,1183400
2024-06-17,80.69,81.08,80,80.62,660100
2024-06-18,80.69,80.77,80.08,80.46,893500
2024-06-19,80.62,80.62,78.46,79.46,1365500
2024-06-20,79.31,79.92,78.69,79.85,1081800
2024-06-21,79.92,80,78.38,78.85,1210100
2024-06-24,78.77,79.23,77.62,78.15,915100
2024-06-25,78.15,78.46,77.62,78.15,787500
2024-06-26,78.38,78.46,77.77,78.15,815800
2024-06-27,78.15,78.54,77.46,78.46,852600
2024-06-28,78.46,78.54,77.46,78.08,789300
2024-07-01,77.77,78.23,76.69,77.46,933100
2024-07-02,77.69,77.85,76.69,77.69,1083600
2024-07-03,77.69,77.85,77,77.85,642100
2024-07-04,77.69,78,77.23,77.85,817400
2024-07-05,77.77,78.31,77.31,78.15,936600
2024-07-08,78.15,78.46,77.69,77.92,810500
2024-07-09,77.69,78.08,77.38,78,942900
2024-07-10,77.92,78.08,77.46,77.69,842000
2024-07-11,77.69,77.85,77.46,77.69,945700
2024-07-12,77.69,78.54,77.46,78.46,889800
2024-07-15,78.77,80.62,78.77,80.15,1151000
2024-07-16,80.31,81.15,79.85,81.15,812600
2024-07-17,81.15,81.54,79.38,81.15,872700
2024-07-18,81.15,81.31,79.38,81.31,999400
2024-07-19,81.46,81.54,80.38,81.23,840400
2024-07-22,80.62,81.15,80.38,81,741200
2024-07-23,81.15,81.54,80.46,81.54,789400
2024-07-24,81.46,83,81.15,83,806200
2024-07-25,82.62,83,81.92,83,816300
2024-07-26,82.77,83,81.92,82.92,631700
2024-07-29,82.92,83,81.62,81.69,627100
2024-07-30,81.62,81.92,80.38,81.08,689100
2024-07-31,81.15,81.77,80.85,81.46,429200
2024-08-01,81.85,82.31,80.08,80.15,779800
2024-08-02,79.85,80.62,78.31,80.62,625400
2024-08-05,80,80,75.54,76.85,880900
2024-08-06,76.85,79.23,76.85,77.31,415700
2024-08-07,77.08,77.31,75.54,76.38,733400
2024-08-08,76,76.92,74.62,76.38,627500
2024-08-09,76.38,77.69,76.15,77.62,490900
2024-08-12,77.62,78.38,76.08,77.77,569700
2024-08-13,77,79.46,76.92,79.08,439300
2024-08-14,79.38,79.38,77.85,78.85,476100
2024-08-15,79.15,79.15,78.15,79.08,574400
2024-08-16,79.38,81.54,78.46,80.77,1082800
2024-08-19,81,81.46,80.15,80.77,496400
2024-08-20,80.92,81.23,79.92,81.08,558300
2024-08-21,80.92,81.31,79.92,80.69,586000
2024-08-22,80.77,81,79.85,80.38,592700
2024-08-23,80.54,80.54,79.85,80.38,584500
2024-08-26,80.38,80.77,80,80.38,648700
2024-08-27,80.38,80.62,79.92,80,684500
2024-08-28,80.15,80.15,79.54,79.85,746800
2024-08-29,79.85,80.62,79.46,80.54,744500
2024-08-30,80.69,81.15,80.54,81,778900
2024-09-04,80.31,80.77,79.23,80.23,618800
2024-09-05,80,80.77,79.23,79.85,772700
2024-09-06,80,80.62,79.15,79.85,772000
2024-09-09,80,80,78.54,79.23,684800
2024-09-10,79.54,80.62,79.46,80.15,778000
2024-09-11,80.15,81.38,79.92,80.77,891500
2024-09-12,81.15,81.31,80.62,81,626500
2024-09-13,81.15,81.15,79.85,80.62,669700
2024-09-16,80.69,80.92,79.54,80,773200
2024-09-17,80,80.77,79.69,80.77,842400
2024-09-18,80.77,81.15,80.15,80.85,829500
2024-09-19,80.69,80.85,80.46,80.85,771000
2024-09-20,80.92,81.08,80.23,80.92,1227800
2024-09-23,81,81.15,80.38,80.77,563900
2024-09-24,80.77,80.92,80.38,80.85,694600
2024-09-25,81,81,80.15,80.46,863000
2024-09-26,80.54,80.85,80.15,80.85,938400
2024-09-27,80.92,81,80,80.85,706100
2024-09-30,80.85,80.92,80.23,80.77,637900
2024-10-01,80.77,81.15,80.62,81,791500
2024-10-02,80.85,81,79.85,80.77,659500
2024-10-03,80.77,81.62,80.46,81.15,793800
2024-10-04,81.23,81.31,80.62,81,738600
2024-10-07,81,81.15,80,80.77,661400
2024-10-08,80.77,80.92,80,80.62,774500
2024-10-09,80.62,81.46,80.08,81.23,890700
2024-10-10,81.23,81.54,80.46,81.54,2029000
2024-10-11,81.62,84.23,81.54,83.77,1404500
2024-10-14,83.85,84.15,81.54,82.54,1104300
2024-10-15,82.54,82.62,81,81.46,920900
2024-10-16,81.15,81.46,79.85,81.38,814300
2024-10-17,81.38,81.38,80.15,81,770900
2024-10-18,81,81.92,80.31,81.92,997000
2024-10-21,81.31,81.31,80.23,81.23,827000
2024-10-22,81.08,81.08,80.15,80.15,790400
2024-10-23,80.15,80.77,79.92,80.31,776200
2024-10-24,80.38,80.38,79.69,80.15,771400
2024-10-25,80.15,80.23,79.54,80.15,734700
2024-10-28,80.15,80.15,79.15,79.69,774200
2024-10-29,79.77,80,79.38,79.92,694700
2024-10-30,79.92,80,79.23,79.92,721000
2024-10-31,79.85,80.77,79.62,80.77,752200
2024-11-01,80.69,80.69,79.62,80.54,645900
2024-11-04,80.54,80.54,79.54,80,724900
2024-11-05,80,80.08,78.92,79.62,727300
2024-11-06,79.69,80.77,79.31,80.69,696700
2024-11-07,80.77,80.77,80.08,80.23,648900
2024-11-08,80.23,80.46,79.62,80.46,691200
2024-11-11,80.46,80.62,79.54,80.38,686800
2024-11-12,80.38,80.77,79.31,80.38,714300
2024-11-13,80.08,80.31,79.23,79.69,705100
2024-11-14,79.69,79.77,78.54,79.46,665000
2024-11-15,79.31,79.54,78.08,79.46,756900
2024-11-18,79.15,79.23,77.69,78.23,757900
2024-11-19,78.46,78.62,77.15,78.23,579900
2024-11-20,77.92,78.69,77,78.46,729300
2024-11-21,78.46,78.62,77.08,78.23,693000
2024-11-22,78.23,78.77,77.69,78.23,604800
2024-11-25,78.15,79.08,78.08,79.08,773600
2024-11-26,79.15,79.46,78.77,79.38,578700
2024-11-27,79.23,79.46,78.54,78.77,568800
2024-11-28,78.85,79.15,78.31,78.62,635800
2024-11-29,78.62,78.77,77.23,78.77,674400
2024-12-02,78.92,79,77.92,78.69,576300
2024-12-03,78.46,78.69,77.69,78.08,695700
2024-12-04,78,78.08,77.23,78,696300
2024-12-05,78,79.23,77.62,79.23,790500
2024-12-06,79.08,79.23,78.38,79.08,639400
2024-12-09,78.85,79.62,78.08,79,681100
2024-12-10,78.92,79,78.38,78.92,548800
2024-12-11,78.92,79.77,78.31,79.15,685400
2024-12-12,79.15,79.62,78.46,79.15,663200
2024-12-13,79.08,79.08,78.31,78.77,575200
2024-12-16,78.77,78.77,77.77,78.46,643600
2024-12-17,78.46,78.62,77.54,78.15,671400
2024-12-18,78,78,77.31,77.46,605900
2024-12-19,77.31,77.31,75.38,76.92,1135400
2024-12-20,76.92,77.62,76.31,76.31,1007700
2024-12-23,77.15,77.77,76.54,77.38,698100
2024-12-24,77.38,77.69,76.77,77.69,675800
2024-12-25,77.77,78.46,77.31,78.46,938200
2024-12-26,78.46,78.62,77.69,78.08,620800
2024-12-27,78.15,78.31,77.69,77.85,650900
2024-12-30,77.08,77.54,76.69,77,751900
2024-12-31,77.31,77.31,76.46,76.92,684300
2025-01-02,77,77,76.15,76.85,746800
2025-01-03,76.85,76.85,76.08,76.54,743700
2025-01-06,76.54,76.85,76.15,76.69,663900
2025-01-07,76.69,76.85,75.77,76.54,615600
2025-01-08,76.46,76.54,75.69,76.46,487900
2025-01-09,76.46,76.46,75.92,76.38,439600
2025-01-10,76.38,76.62,75.54,75.85,470300
2025-01-13,76,76.31,75.46,75.85,519700
2025-01-14,75.77,75.92,75.31,75.77,491200
2025-01-15,75.85,76.46,75.62,75.92,476400
2025-01-16,76,76.38,74.77,76.08,727300
2025-01-17,76.08,76.23,75.38,76.15,523200
2025-01-20,75.77,76.15,75.46,76,421100
2025-01-21,76.15,76.38,75.46,76,480800
2025-01-22,76,76.15,75.62,76,474500
2025-01-23,76,76.54,75.85,76.15,569800
2025-01-24,76.08,76.77,75.62,76.77,612100
2025-02-03,76.54,76.54,75.31,76,505200
2025-02-04,76,76,75.31,75.54,543900
2025-02-05,75.54,75.92,75,75.15,535700
2025-02-06,75.15,75.77,74.85,75.38,415300
2025-02-07,75.31,75.54,75,75.46,506800
2025-02-10,75.38,75.38,74.38,74.46,466100
2025-02-11,74.46,74.62,73.15,74.23,642800
2025-02-12,74.08,74.62,73.92,73.92,458700
2025-02-13,73.62,74,73.46,74,445400
2025-02-14,74,74.46,74,74.38,511200
2025-02-17,74.38,75,74.15,75,512400
2025-02-18,75,75.23,74.38,74.92,480300
2025-02-19,75,75,74.31,74.92,544900
2025-02-20,74.92,75,74.46,74.54,610300
2025-02-21,74.46,74.54,74,74.31,501600
2025-02-24,74,74.31,73.62,74.31,630800
2025-02-25,74.38,74.46,73.85,73.92,590700
2025-02-26,73.92,74.69,73.85,74.69,476000
2025-02-27,74.69,74.77,74.08,74.54,512100
2025-02-28,74.38,74.62,73.85,73.85,550100
2025-03-03,74,74.62,73.85,74.54,561200
2025-03-04,74.31,74.62,73.92,74.46,569900
2025-03-05,74.23,74.46,73.92,74.15,490400
2025-03-06,74.23,74.46,74,74.23,538100
2025-03-07,74.08,74.62,73.85,74.62,758800
2025-03-10,74.62,75.31,74.15,75.15,593800
2025-03-11,74.77,75.38,74.46,75.15,511400
2025-03-12,75.15,75.23,74.69,74.92,525900
2025-03-13,74.92,75,74.23,74.85,531400
2025-03-14,74.92,76.77,74.38,75.85,910700
2025-03-17,75.92,76.46,75.92,76.23,727600
2025-03-18,76.23,76.46,75,75.69,625400
2025-03-19,75.62,75.62,74.85,75.23,609400
2025-03-20,75.31,75.31,74,74,547400
2025-03-21,74.08,75,73.77,74.31,622400
2025-03-24,74.38,74.46,73.54,74.31,568400
2025-03-25,74.62,74.77,73.77,74.38,533900
2025-03-26,74.46,75.08,74,74.38,723000
2025-03-27,74.23,74.38,73.77,74.23,513700
2025-03-28,74.23,74.23,73.23,73.85,754500
2025-03-31,73.77,73.77,72.85,73.08,524800
2025-04-01,73.08,73.23,72.62,73.23,453900
2025-04-02,73.31,73.31,72.69,73.08,514900
2025-04-03,73,73,68,68,727500
2025-04-04,63.38,68,63.38,66.38,1024200
2025-04-08,66.15,66.15,61.77,63.54,634600
2025-04-09,60.69,63.46,59.31,60.85,632500
2025-04-10,65.08,65.08,65.08,65.08,21700
2025-04-11,69.62,69.62,65.08,65.69,997400
2025-04-14,65.69,65.77,64.31,65.77,603400
2025-04-15,65.23,65.69,63.38,64.08,795300
2025-04-16,64.08,65.77,64,65.69,639900
2025-04-17,64.38,67.69,64,67.69,1301600
2025-04-18,68.31,68.31,66.54,66.54,740900
2025-04-21,67.15,67.31,64.62,64.62,641500
2025-04-22,64.85,64.85,61.62,64.23,930200
2025-04-23,65.38,66.15,65.23,65.92,731400
2025-04-24,66,66,64.85,65.92,579400
2025-04-25,65.92,70,64.85,70,1409000
2025-04-28,68.46,69.23,67.23,68.54,450300
2025-04-29,68.54,68.54,66.15,66.15,663900
2025-05-05,68.23,69,68.08,68.92,636100
2025-05-06,68.92,69,67.77,68.46,596000
2025-05-07,68.54,68.54,67.77,68.38,589800
2025-05-08,68.31,69.38,67.23,69.08,712900
2025-05-09,68.46,69.23,68.08,68.85,588500
2025-05-12,68.85,69.62,68.46,69.54,742000
2025-05-13,70.38,70.38,68.77,69.62,597500
2025-05-14,69.08,71.54,68.85,71.54,1016000
2025-05-15,70.77,70.77,69.15,70,1044800
2025-05-16,69.23,69.85,69,69.23,625300
2025-05-19,68.85,68.85,67.69,67.69,709400
2025-05-20,67.69,68.38,66.77,67.92,898700
2025-05-21,68,68,67.08,67.92,689200
2025-05-22,67.31,68.15,66.92,67.08,837600
2025-05-23,67,67.69,66.62,67.54,571400
2025-05-26,67.54,67.54,66.31,67.54,574800
2025-05-27,67.31,68.31,67.15,68,736800
2025-05-28,67.85,68.15,67.31,67.69,632400
2025-05-29,67.31,67.46,67.08,67.31,523700
2025-05-30,67,67.46,66.62,66.92,531400
2025-06-02,66.85,69.31,66.54,68.85,1137400
2025-06-03,69.23,70,68.46,69.08,761300
2025-06-04,69.08,71.15,68.69,70.62,1376400
2025-06-05,70.77,70.77,70,70.23,698500
2025-06-06,69.62,70,68.31,69.23,998300
2025-06-09,69.23,69.23,67.69,68.31,840100
2025-06-10,68.46,68.85,67.77,68.46,574200
2025-06-11,68.31,68.46,67.38,67.38,684500
2025-06-12,67.46,68.69,67.46,68.38,661000
2025-06-13,67.31,67.69,66.77,67.69,864600
2025-06-16,67.54,67.54,66.77,67.54,747700
2025-06-17,67.69,67.77,67,67.46,670500
2025-06-18,67.46,67.77,67.23,67.46,662400
2025-06-19,67.15,68.62,66.92,68.08,1200900
2025-06-20,68.31,68.31,67.46,68.23,697600
2025-06-23,67.62,67.62,66.85,67.31,672800
2025-06-24,67.31,67.77,67.15,67.77,640600
2025-06-25,67.38,67.92,67,67,664900
2025-06-26,67.08,67.54,67,67,525900
2025-06-27,67.08,67.62,67,67.08,708000
2025-06-30,67.31,68.31,67.31,67.77,602400
2025-07-01,67.85,70,67.85,69.62,1284900
2025-07-02,69.62,69.62,69.15,69.38,598200
2025-07-03,67.15,69.54,67.15,68.46,699800
2025-07-04,68.54,69.23,68.08,69.08,793800
2025-07-07,69,69.46,68.23,69.23,789200
2025-07-08,69.23,73.08,68.85,73.08,2138100
2025-07-09,73.08,73.23,72.31,72.31,1068600
2025-07-10,72.38,73.85,72.08,73.85,1272300
2025-07-11,73.85,76.92,73.62,76.92,2011400
2025-07-14,77.23,77.62,75.54,76.15,1133300
2025-07-15,76.92,77,75,75,1114200
2025-07-16,74.62,75,73.46,73.85,1545300
2025-07-17,73.85,75.23,72.54,72.54,1712800
2025-07-18,73.46,74,71.54,71.77,2612300
2025-07-21,72.31,74.08,72.23,73.15,1560900
2025-07-22,73.46,78.23,73.46,78.23,2916000
2025-07-23,83.08,83.69,82.69,83.69,1717100
2025-07-24,89.54,89.54,84.15,87.69,2891800
2025-07-25,87.85,93.77,86.31,93.77,3280800
2025-07-28,95.62,99.77,95.38,97.69,2342200
2025-07-29,98.38,98.38,90.92,91,3093100
2025-07-30,91,95.31,90.38,91.31,2121100
2025-07-31,92.85,94.23,88.46,93.23,2767900
2025-08-01,93.23,93.23,90,91.54,2498100
2025-08-04,90,97.92,89.38,97.92,3266700
2025-08-05,99.23,101.46,92.31,97.92,3989200
2025-08-06,97.92,99.62,96.38,99.23,2196300
2025-08-07,99.38,99.46,96.77,98.23,2219800
2025-08-08,98.31,98.31,93.46,93.46,2177500
2025-08-11,96.15,96.15,93.46,95.38,2038500
2025-08-12,96.15,99.62,94.38,97.69,3151000
2025-08-13,98.08,98.08,94.69,98,3060400
2025-08-14,99.15,104.85,98.46,104.85,4476000
2025-08-15,110.08,112.15,103,112,3441800
2025-08-18,112,112,107.69,109.54,2043900
2025-08-19,116.85,117.15,111,112.31,2386000
2025-08-20,112.31,112.31,105,110.62,2404800
2025-08-21,110.54,112.31,107.77,112.15,2763800
2025-08-22,108.08,111.54,106.15,107.69,2398900
2025-08-25,108.08,111.15,107.69,109.62,2427600
2025-08-26,110,111.15,108.62,110.77,2017200
2025-08-27,111.15,111.62,109.08,110.85,2022600
2025-08-28,111.15,114,110.77,111.54,1972700
2025-08-29,112,112.46,109.92,111.15,2058500
2025-09-03,110.77,110.77,107.69,109.23,2128500
2025-09-04,109.38,109.38,107.31,107.69,2005200
2025-09-05,107.77,111.54,107.69,109.23,2084300
2025-09-08,108.46,109.69,107.08,109.15,2161700
2025-09-09,109.23,112.77,109.15,111.54,2383000
2025-09-10,111.92,112,109.08,111.46,1971900
2025-09-11,111.54,112.31,108.08,111.85,2166300
2025-09-12,112,114.23,111.15,112.31,2318100
2025-09-15,112.69,112.69,110.38,112,2238300
2025-09-16,112.08,113.15,109.23,109.23,2235800
2025-09-17,109.23,109.62,108,109.23,2022300
2025-09-18,109.31,109.31,107.08,107.54,2103300
2025-09-19,107.54,107.54,103.85,105.54,2084700
2025-09-22,105,105.15,100.77,104.23,2352000
2025-09-23,104.31,104.62,102.08,102.31,1763500
2025-09-24,102.31,103.08,100.31,102.85,1531900
2025-09-25,103.08,105.62,103,104.54,1690500
2025-09-26,104.69,104.69,101.92,101.92,1761300
2025-09-29,101.77,101.92,98.77,99.77,1784400
2025-09-30,99.85,101.15,99.08,99.69,1689700
2025-10-01,99.54,99.85,98.46,98.46,1675800
2025-10-02,98.62,101.15,98,99,1759900
2025-10-03,99,100,98.15,99.46,1613800
2025-10-06,99.62,103.31,99.62,103.31,1702900
2025-10-07,103.69,103.69,101.31,102.62,1598400
2025-10-08,103.85,103.85,101.77,102.62,1815000
2025-10-09,102.69,102.69,100.85,102.38,1712300
2025-10-10,102.69,103.46,101.54,102.54,1820600
2025-10-13,101.46,109.69,100,109.69,3773100
2025-10-14,111.92,117.31,110.46,117.31,4715400
2025-10-15,120.54,125.46,117.54,125.46,3453800
2025-10-16,126.15,133.46,124,133.46,3679500
2025-10-17,133.54,137.69,130,134.62,3068900
2025-10-20,134.23,138.46,127.38,134.23,3485400
2025-10-21,134.23,143.62,134.23,138.46,4128300
2025-10-22,138.85,139.46,136.23,138.62,2921000
2025-10-23,138.54,142.38,138.54,141.54,2601400
2025-10-24,141.54,141.92,133.46,138.46,3503900
2025-10-27,140.77,140.77,130.77,134.85,3024700
2025-10-28,134.08,144.23,134.08,144.23,3724300
2025-10-29,145.77,151.15,145.38,150.08,2318200
2025-10-30,150.08,154.77,148.15,150.38,2386700
2025-10-31,149.23,149.38,141.92,143.85,2801200
2025-11-03,143.69,146.08,140.85,141.15,2409100
2025-11-04,141.54,145.38,140.62,142.92,2129600
2025-11-05,142.54,143.46,140.77,141.92,2043500
2025-11-06,142.15,143.46,139.15,139.15,1768700
2025-11-07,137.31,138.46,133,136.92,2066800
2025-11-10,137.31,139.23,134.85,135.77,1928500
2025-11-11,135.77,136.54,131.15,134.54,2016700
2025-11-12,134.62,136.15,131,135.46,1922100
2025-11-13,135.23,136.77,134,135.62,1857900
2025-11-14,135.08,136.15,133.31,135.69,1849300
2025-11-17,135.69,137.69,134.23,137.69,1912600
2025-11-18,138.62,138.62,136.15,137.77,1830000
2025-11-19,137.46,137.77,135.46,136.92,1811700
2025-11-20,136.54,146.46,136.31,146.46,3009500
2025-11-21,146.92,151.62,145.08,149.69,1923700
2025-11-24,149.77,157.77,148.46,157.54,2856900
2025-11-25,157.92,168.54,156.54,168.54,3212400
2025-11-26,168.08,169.23,159.15,159.85,2250800
2025-11-27,159.23,159.85,148.69,155.38,4882800
2025-11-28,154.62,159.08,151.38,156.54,1487300
2025-12-01,156.69,162.08,154.38,156.85,1854100
2025-12-02,156.92,167.77,155.08,167.62,3559400
2025-12-03,167.85,167.92,163.23,164.62,1692700
2025-12-04,164.69,164.69,158.46,158.46,2249900
2025-12-05,157.08,159.62,153.85,159.62,2320700
2025-12-08,157.23,159.62,154.54,158.77,1673000
2025-12-09,157.69,157.69,153.85,153.85,1981000
2025-12-10,154.23,154.62,148.92,151.23,2538900
2025-12-11,150.54,151,144.54,144.62,1748000
2025-12-12,142.31,146.54,138.31,142.31,1994200
2025-12-15,141.54,143.85,140.77,143.08,1403500
2025-12-16,143.15,147.31,139.85,147.31,1586300
2025-12-17,147.38,147.38,142.38,142.38,1511100
2025-12-18,142.38,150.77,140.69,149.15,2130100
2025-12-19,149.23,153.77,147.54,153.77,2115800
2025-12-22,153.85,159.23,152,158.46,1857400
2025-12-23,158.08,161.54,155.62,158.85,1843400
2025-12-24,158.46,158.62,153.08,153.08,1833200
2025-12-25,151.85,163.77,150.62,163.08,3518200
2025-12-26,160.54,163.46,157.69,159.92,1665600
2025-12-29,160.31,162.46,159,160.15,1680400
2025-12-30,160,160.15,153.54,158,1702600
2025-12-31,157.31,160.77,155.15,160.77,1395200
2026-01-05,159.23,161.15,156.69,159.62,1788000
2026-01-06,159.62,165.77,157.85,163.23,2090200
2026-01-07,163.46,163.62,159.92,161.23,1487800
2026-01-08,161.54,162.46,153.46,156.15,2229900
2026-01-09,155.15,155.92,146.15,152.85,2533600
2026-01-12,152.15,152.31,144.62,150,1966900
2026-01-13,149.23,151.15,146.31,150,1639400
2026-01-14,149.38,150.15,143.08,145.69,1902700
2026-01-15,145,145,136.54,138.85,1674500
2026-01-16,138.85,143.85,138.15,141.54,1380500
2026-01-19,141.92,143.85,140.15,142.31,1083300
2026-01-20,142.69,143.08,139.46,139.85,1416900
2026-01-21,139.62,141.15,137,139.85,1463200
2026-01-22,139.23,140.08,137.77,139.23,1307700
2026-01-23,139.62,148.92,138.38,148.92,1510400
2026-01-26,145.92,146.08,140,140,1220900
2026-01-27,140.15,141.15,137.54,137.54,1224400
2026-01-28,137.69,138.62,128.15,131.92,1969300
2026-01-29,132.31,133,123.85,126.15,1782400
2026-01-30,126.38,131.15,122.62,131.15,1696000
2026-02-02,131.31,132.08,123.31,130.77,1498600
2026-02-03,129.85,130.77,126.77,129.23,1304800
2026-02-04,127.69,128.46,124,126.92,1312300
2026-02-05,126.15,130.77,124.77,128.08,1515400
2026-02-06,126.92,127.77,124.15,127.69,1268400
2026-02-09,127.69,129.62,126.54,126.92,1042500
2026-02-10,126.15,126.92,124.23,125.38,1049000
2026-02-11,125,129.23,124,129.23,1187900
2026-02-12,129.23,130.77,127.46,129.23,1078600
2026-02-13,129.23,130.38,127.31,130.15,1247500
2026-02-23,130.38,134.62,130.15,134.54,1266800
2026-02-24,134.54,143.54,131.31,143.54,1663400
2026-02-25,138.62,141.15,136.15,137.31,1183500
2026-02-26,136.54,137.77,133.62,137.31,1174800
2026-02-27,136.77,137.31,134.77,135.23,1133900
2026-03-02,131.15,132,129.38,130,1184600
2026-03-03,129.46,130.77,126.23,126.23,1193000
2026-03-04,125.85,127.69,119.85,125.54,1467800
2026-03-05,125.62,125.92,120,120.31,1566900
2026-03-06,120,121.92,117.08,120.31,1238100
2026-03-09,115,117.69,111.92,117.69,1111300
2026-03-10,118.69,120,115.92,119.23,1429000
2026-03-11,120.77,123.08,117.54,122.85,1433700
2026-03-12,119.23,121.46,117.54,117.54,1393200
2026-03-13,117.38,120.77,117.38,120.62,1257300
2026-03-16,120,120,117.38,118.46,1162100
2026-03-17,118.46,120.77,118.46,120.77,1243800
2026-03-18,120.15,123.08,119.38,123.08,1285600
2026-03-19,121.85,122.15,119.23,122.08,1725300
2026-03-20,121.15,121.15,116.38,121,1784200
2026-03-23,117.31,117.92,116.23,116.77,980100
2026-03-24,116.77,117.69,112.85,117.69,1654700
2026-03-25,117.69,118.08,115.38,117.69,1290300
2026-03-26,117.69,119.23,116.08,119.23,1165100
2026-03-27,119.23,121.15,117.92,120.77,1004300
2026-03-30,119.23,121.92,116.92,120.85,1246800
2026-03-31,120.92,121.54,120,120,864400
2026-04-01,120.38,128.38,120.15,128.38,1686900
2026-04-02,130.77,130.77,124,127.31,1060100
2026-04-03,126.92,131.15,123.92,123.92,1433000
2026-04-06,122.31,125.77,122.31,125.62,1008000
2026-04-07,125.62,125.77,122.69,125.77,992900
2026-04-08,127.69,130.38,126.69,130.38,1266500
2026-04-09,129,129.08,126.92,127.69,1032800
2026-04-10,128.08,130.38,127.69,128.46,1039700
2026-04-13,124.15,128.46,124.08,128.31,1053300
2026-04-14,128.46,130,127.23,128.31,1099200
2026-04-15,128.31,137.23,128.31,137.08,2641000
2026-04-16,135.77,137.08,131.85,137.08,1542600
2026-04-17,137,137,132.46,136.77,1633500
2026-04-20,135.31,136,133.23,134.85,920700
2026-04-21,134.92,138.62,134.62,135.15,1478300
2026-04-22,135.23,135.69,133.08,135.15,1254700
2026-04-23,135.08,136.92,132.62,134.54,1053200
2026-04-24,134.46,138.85,132.46,138.85,1581700
2026-04-28,137.54,138.85,135.46,137.46,1353200
2026-04-29,136.69,139.62,135.54,138.46,1495900
2026-05-04,137.31,138.46,135.54,138.38,1174600
2026-05-05,137.69,140,136.31,139.23,1482700
2026-05-06,139.31,146.15,137.69,139.62,2074100
2026-05-07,139.62,141.92,138.62,140,1264500
2026-05-08,139.92,140,135.54,135.54,1363900
2026-05-11,135.54,135.54,131.15,131.15,1526200
2026-05-12,130.77,134.62,130.31,134.62,1271400
2026-05-13,134.62,139.62,132.92,133.15,1105600
2026-05-14,133.46,135,131.85,133.15,1197100
2026-05-15,133.31,133.38,131.77,131.77,1138200
2026-05-18,130.38,132.54,130.38,131.62,1391200
2026-05-19,131.69,132.69,130.23,132.31,1175600
2026-05-20,132.31,132.77,129.92,131.23,1335700
2026-05-21,131.54,133.85,131.38,133.46,1520400
2026-05-22,133.46,133.46,130.62,130.85,1084400
2026-05-25,130.85,133.85,130.54,133.69,1116300
2026-05-26,133.69,133.85,132.15,132.77,996200
2026-05-27,132.77,132.85,130.38,132.38,1047500
2026-05-28,132.46,132.69,130.77,131.08,999300
2026-05-29,130,132.31,129.62,132.23,998700
2026-06-01,132.23,132.69,130.46,131.54,881400
2026-06-02,131.54,131.62,129.85,130.85,901200
2026-06-03,130.85,132.31,130,131.38,1089800
2026-06-04,131.38,132.77,130.15,132.77,1034100
2026-06-05,133.08,142,132.54,142,1789100
2026-06-08,136.92,138.46,134.54,136,846900
2026-06-09,136.15,138,134.92,137.69,898900
2026-06-10,137.92,141.15,137.46,140,1008400
2026-06-11,139.23,140.38,136.38,136.54,817800
2026-06-12,136.77,140.85,136.69,139.08,907600
2026-06-15,139.23,142.69,139.23,141.31,1074500
2026-06-16,143.8,144.1,137.8,138,969400
2026-06-17,136.8,144,136.3,143.9,959700
2026-06-18,142.8,142.8,138.4,138.4,1144100
2026-06-19,138.9,141,138.4,140.5,1166800
2026-06-22,140.5,141,138.9,139.5,1005000
2026-06-23,139.5,140.2,137.5,137.5,938200
2026-06-24,137.5,138.2,136.1,136.4,967200
2026-06-25,136.5,139.9,136.3,139.4,965800
2026-06-26,138.5,140,138,139.5,982800
2026-06-29,139.5,139.5,136.6,138.8,1234200
2026-06-30,138.7,140,137.8,139.5,744200
2026-07-01,139.1,140,138.8,139.3,888300
2026-07-02,139.3,139.4,137.6,139,761000
2026-07-03,139.2,142.5,138,141.8,1006400