date,spot,fut
2020-05-11,777.13,762.2
2020-05-13,783.69,770.3
2020-05-18,770.92,788.0
2020-05-19,799.31,799.5
2020-05-21,805.42,864.0
2020-05-25,807.01,782.0
2020-05-28,804.71,790.0
2020-06-01,813.66,811.0
2020-06-02,823.66,808.1
2020-06-03,824.11,819.0
2020-06-04,824.29,815.0
2020-06-05,825.52,825.0
2020-06-08,839.99,836.5
2020-06-09,837.02,827.0
2020-06-10,839.5,839.3
2020-06-11,812.39,795.0
2020-06-12,803.66,805.0
2020-06-15,781.11,775.0
2020-06-16,798.88,798.0
2020-06-17,797.54,800.7
2020-06-18,799.53,797.1
2020-06-19,808.28,798.6
2020-06-22,809.97,797.9
2020-06-23,807.61,796.0
2020-06-24,801.62,785.0
2020-06-25,796.51,781.0
2020-06-26,795.53,778.1
2020-06-29,774.81,763.0
2020-06-30,770.53,752.5
2020-07-01,786.82,768.6
2020-07-02,785.59,773.0
2020-07-03,789.45,773.8
2020-07-06,803.46,798.3
2020-07-07,805.68,794.0
2020-07-08,805.06,802.1
2020-07-09,814.69,810.0
2020-07-10,809.02,803.7
2020-07-13,811.32,811.8
2020-07-14,800.57,798.7
2020-07-15,812.62,815.0
2020-07-21,804.7,805.0
2020-07-22,797.85,792.0
2020-07-23,800.29,797.1
2020-07-24,772.29,765.0
2020-07-27,729.93,711.6
2020-07-28,756.17,741.7
2020-07-29,731.14,720.7
2020-07-30,746.02,730.2
2020-07-31,740.73,725.0
2020-08-03,757.86,742.0
2020-08-04,768.22,762.0
2020-08-05,780.71,777.5
2020-08-06,781.6,776.0
2020-08-07,782.15,780.6
2020-08-10,784.3,782.4
2020-08-11,784.57,787.0
2020-08-12,788.42,791.0
2020-08-13,795.09,798.3
2020-08-14,791.98,793.5
2020-08-17,791.54,792.5
2020-08-18,786.95,788.0
2020-08-19,791.2,793.0
2020-08-26,812.36,813.2
2020-08-27,814.55,819.0
2020-08-28,821.93,823.0
2020-08-31,823.93,824.1
2020-09-01,832.03,837.4
2020-09-03,843.64,850.0
2020-09-04,840.54,844.8
2020-09-07,824.36,821.7
2020-09-08,827.57,829.5
2020-09-09,824.42,830.0
2020-09-10,825.85,823.5
2020-09-11,825.18,827.9
2020-09-16,834.5,834.6
2020-09-17,836.04,831.0
2020-09-21,849.88,848.0
2020-09-22,852.72,850.0
2020-09-23,858.3,854.1
2020-09-24,853.21,853.1
2020-09-25,854.71,854.9
2020-09-29,856.2,854.1
2020-09-30,858.54,859.8
2020-10-01,867.58,867.0
2020-10-02,861.51,861.5
2020-10-05,867.7,868.8
2020-10-06,871.37,867.7
2020-10-07,870.85,867.0
2020-10-08,868.6,868.7
2020-10-09,874.53,871.6
2020-10-12,874.9,875.0
2020-10-13,878.35,876.4
2020-10-14,892.15,894.8
2020-10-15,899.2,899.2
2020-10-16,901.59,895.1
2020-10-19,903.51,903.4
2020-10-20,903.13,911.2
2020-10-21,906.1,908.5
2020-10-22,918.3,924.0
2020-10-23,930.3,935.0
2020-10-26,919.56,927.0
2020-10-27,915.46,920.0
2020-10-28,888.88,895.9
2020-10-29,888.21,887.5
2020-10-30,892.55,896.6
2020-11-02,899.27,904.0
2020-11-03,902.14,908.3
2020-11-04,905.48,912.3
2020-11-05,903.64,910.2
2020-11-06,902.91,908.3
2020-11-09,917.42,923.0
2020-11-10,916.5,921.0
2020-11-11,916.68,921.4
2020-11-12,923.0,927.9
2020-11-13,931.2,935.9
2020-11-16,915.97,916.9
2020-11-17,934.65,938.0
2020-11-18,937.67,936.0
2020-11-19,944.92,944.2
2020-11-20,950.89,952.4
2020-11-23,960.03,959.4
2020-11-24,959.61,964.0
2020-11-25,960.63,960.0
2020-11-26,964.16,970.2
2020-11-27,971.11,974.5
2020-11-30,965.89,966.0
2020-12-01,976.35,980.3
2020-12-02,979.95,979.0
2020-12-03,985.44,988.0
2020-12-04,984.34,987.0
2020-12-07,992.01,994.5
2020-12-08,992.3,993.0
2020-12-09,1004.03,1008.0
2020-12-10,994.28,1002.0
2020-12-11,1008.65,1008.1
2020-12-14,1024.28,1026.0
2020-12-15,1013.02,1014.7
2020-12-16,1029.72,1028.0
2020-12-17,1016.95,1016.3
2020-12-18,1036.65,1043.5
2020-12-21,1049.71,1057.0
2020-12-22,1052.23,1060.3
2020-12-23,1045.7,1055.0
2020-12-24,1033.95,1042.6
2020-12-25,1052.13,1064.9
2020-12-28,1054.23,1066.0
2020-12-29,1058.39,1067.1
2020-12-30,1059.16,1070.1
2020-12-31,1070.77,1083.9
2021-01-04,1091.87,1109.4
2021-01-05,1104.3,1111.0
2021-01-06,1113.72,1125.0
2021-01-07,1130.59,1148.9
2021-01-08,1147.86,1176.6
2021-01-11,1163.4,1193.1
2021-01-12,1169.03,1191.9
2021-01-13,1164.57,1192.0
2021-01-14,1168.99,1188.9
2021-01-15,1182.2,1190.5
2021-01-18,1173.34,1177.0
2021-01-19,1107.32,1104.8
2021-01-20,1116.21,1125.0
2021-02-05,1135.5,1139.9
2021-02-08,1092.59,1092.0
2021-02-09,1129.49,1130.3
2021-02-17,1174.91,1176.6
2021-02-18,1187.94,1187.3
2021-02-19,1180.59,1178.0
2021-02-22,1180.55,1173.1
2021-02-23,1182.47,1186.4
2021-02-24,1167.18,1162.0
2021-02-25,1169.82,1182.0
2021-02-26,1175.06,1176.7
2021-03-01,1191.83,1193.0
2021-03-02,1194.71,1194.0
2021-03-03,1195.6,1199.5
2021-03-04,1174.29,1181.3
2021-03-05,1173.83,1169.0
2021-03-08,1170.0,1165.0
2021-03-09,1163.0,1158.5
2021-03-10,1172.26,1178.9
2021-03-11,1188.71,1191.3
2021-03-12,1187.81,1190.0
2021-03-15,1190.86,1188.8
2021-03-16,1187.84,1186.2
2021-03-17,1193.45,1197.8
2021-03-18,1211.54,1211.5
2021-03-19,1203.36,1208.0
2021-03-22,1198.54,1192.4
2021-03-23,1186.98,1184.5
2021-03-24,1165.61,1170.9
2021-03-25,1164.64,1162.0
2021-03-26,1153.13,1164.9
2021-03-29,1180.07,1183.0
2021-03-30,1190.86,1191.2
2021-03-31,1196.24,1191.9
2021-04-01,1226.16,1235.5
2021-04-02,1238.03,1234.0
2021-04-05,1249.9,1257.0
2021-04-06,1255.36,1252.1
2021-04-07,1257.77,1252.0
2021-04-08,1251.81,1243.2
2021-04-09,1253.26,1251.9
2021-04-12,1278.19,1274.6
2021-04-13,1277.35,1271.0
2021-04-14,1290.77,1292.0
2021-04-15,1284.2,1283.9
2021-04-16,1276.87,1273.5
2021-04-19,1306.22,1312.0
2021-04-20,1312.68,1300.0
2021-04-22,1271.53,1261.2
2021-04-23,1301.39,1296.7
2021-04-26,1275.04,1254.0
2021-04-27,1283.81,1265.0
2021-04-28,1294.06,1275.0
2021-04-29,1312.28,1301.0
2021-05-04,1328.03,1320.0
2021-05-05,1346.89,1335.9
2021-05-06,1344.64,1336.5
2021-05-07,1340.73,1323.8
2021-05-10,1370.66,1375.0
2021-05-11,1359.19,1350.1
2021-05-12,1380.17,1382.1
2021-05-13,1370.18,1363.9
2021-05-14,1380.02,1374.0
2021-05-17,1371.36,1367.0
2021-05-18,1378.59,1375.0
2021-05-19,1401.71,1404.9
2021-05-20,1424.92,1425.0
2021-05-21,1425.04,1414.0
2021-05-24,1430.48,1426.0
2021-05-25,1444.01,1438.0
2021-05-26,1455.11,1453.0
2021-05-27,1437.38,1430.0
2021-05-28,1458.78,1462.5
2021-05-31,1474.78,1479.5
2021-06-01,1482.92,1487.6
2021-06-02,1478.85,1481.8
2021-06-03,1504.37,1504.0
2021-06-04,1508.35,1505.9
2021-06-07,1484.1,1485.0
2021-06-08,1438.97,1429.9
2021-06-09,1457.76,1459.0
2021-06-10,1451.18,1453.0
2021-06-11,1487.61,1493.2
2021-06-14,1495.51,1497.5
2021-06-15,1487.04,1491.0
2021-06-16,1465.58,1468.9
2021-06-17,1461.91,1463.9
2021-06-18,1481.3,1485.0
2021-06-21,1478.29,1474.1
2021-06-22,1489.24,1490.4
2021-06-23,1489.53,1490.4
2021-06-24,1486.96,1488.0
2021-06-25,1500.3,1505.0
2021-06-28,1521.41,1523.8
2021-06-29,1529.97,1533.9
2021-06-30,1529.0,1529.2
2021-07-01,1545.14,1549.0
2021-07-02,1554.59,1556.1
2021-07-05,1557.79,1568.0
2021-07-06,1488.42,1501.0
2021-07-07,1538.77,1535.0
2021-07-08,1521.21,1513.0
2021-07-09,1499.96,1497.0
2021-07-15,1430.29,1431.8
2021-07-16,1438.05,1440.0
2021-07-19,1374.15,1368.0
2021-07-20,1411.02,1405.0
2021-07-21,1406.54,1402.0
2021-07-22,1428.48,1427.1
2021-07-26,1403.96,1408.1
2021-07-27,1409.85,1405.3
2021-07-28,1407.5,1407.8
2021-07-29,1427.55,1431.1
2021-07-30,1447.23,1445.0
2021-08-02,1448.21,1447.9
2021-08-03,1469.87,1475.0
2021-08-04,1472.2,1470.9
2021-08-05,1486.46,1487.1
2021-08-06,1476.79,1472.9
2021-08-09,1497.83,1500.5
2021-08-10,1494.41,1494.1
2021-08-11,1487.91,1486.0
2021-08-12,1477.06,1477.1
2021-08-13,1484.25,1485.0
2021-08-16,1500.77,1503.0
2021-08-17,1494.12,1493.0
2021-08-18,1489.54,1490.9
2021-08-19,1505.01,1500.0
2021-08-20,1450.45,1445.0
2021-08-23,1412.0,1411.2
2021-08-24,1418.26,1415.1
2021-08-25,1428.51,1431.5
2021-08-26,1412.45,1406.7
2021-08-27,1418.57,1420.0
2021-08-30,1431.05,1432.9
2021-08-31,1428.66,1427.0
2021-09-01,1426.94,1428.6
2021-09-06,1441.54,1444.6
2021-09-07,1444.1,1441.0
2021-09-08,1433.71,1431.1
2021-09-09,1447.28,1446.0
2021-09-10,1448.33,1447.1
2021-09-13,1444.99,1442.0
2021-09-14,1438.16,1436.5
2021-09-15,1444.85,1447.5
2021-09-16,1448.98,1449.8
2021-09-17,1455.59,1456.8
2021-09-20,1458.66,1452.0
2021-09-21,1446.22,1440.0
2021-09-22,1453.22,1440.8
2021-09-23,1458.23,1450.0
2021-09-24,1459.94,1449.9
2021-09-27,1439.2,1434.0
2021-09-28,1451.12,1454.4
2021-09-29,1450.52,1449.2
2021-09-30,1453.76,1452.0
2021-10-01,1441.83,1441.0
2021-10-04,1443.61,1440.3
2021-10-05,1456.21,1449.0
2021-10-06,1461.72,1452.0
2021-10-07,1462.74,1454.8
2021-10-08,1476.54,1474.5
2021-10-11,1510.27,1513.5
2021-10-12,1509.57,1510.0
2021-10-13,1505.55,1503.1
2021-10-14,1503.38,1505.9
2021-10-15,1504.84,1504.5
2021-10-18,1510.49,1510.5
2021-10-19,1507.19,1510.6
2021-10-20,1505.03,1504.0
2021-10-21,1489.26,1489.0
2021-10-22,1488.71,1492.0
2021-10-25,1476.97,1478.0
2021-10-26,1482.62,1489.0
2021-10-27,1516.46,1523.3
2021-10-28,1529.26,1532.3
2021-10-29,1532.35,1533.7
2021-11-01,1516.75,1522.7
2021-11-02,1521.35,1524.1
2021-11-03,1530.65,1528.5
2021-11-04,1528.21,1529.8
2021-11-05,1531.76,1535.1
2021-11-08,1535.66,1537.7
2021-11-09,1527.13,1525.5
2021-11-10,1523.79,1529.3
2021-11-11,1514.36,1513.0
2021-11-12,1527.94,1530.7
2021-11-15,1528.68,1527.8
2021-11-16,1517.22,1517.3
2021-11-17,1519.58,1520.4
2021-11-18,1503.42,1504.1
2021-11-19,1500.05,1502.5
2021-11-22,1517.04,1512.5
2021-11-23,1533.12,1528.9
2021-11-24,1565.29,1562.1
2021-11-25,1572.46,1566.6
2021-11-26,1566.55,1556.7
2021-11-29,1553.04,1551.9
2021-11-30,1537.59,1537.1
2021-12-01,1549.81,1553.9
2021-12-02,1540.88,1540.0
2021-12-03,1503.98,1509.0
2021-12-06,1480.92,1480.2
2021-12-07,1512.62,1512.0
2021-12-08,1516.16,1511.0
2021-12-09,1529.61,1532.0
2021-12-10,1519.46,1520.5
2021-12-13,1520.8,1525.9
2021-12-14,1516.44,1518.5
2021-12-15,1519.42,1520.1
2021-12-16,1510.17,1510.0
2021-12-17,1513.56,1520.0
2021-12-20,1513.6,1508.0
2021-12-21,1511.48,1512.5
2021-12-22,1504.12,1508.0
2021-12-23,1477.37,1488.2
2021-12-24,1506.67,1509.0
2021-12-27,1514.55,1516.0
2021-12-28,1523.54,1520.2
2021-12-29,1515.94,1519.0
2021-12-30,1519.62,1525.5
2021-12-31,1535.71,1537.0
2022-01-04,1558.87,1558.5
2022-01-05,1546.01,1549.0
2022-01-06,1544.95,1545.1
2022-01-07,1532.24,1539.6
2022-01-10,1514.7,1513.1
2022-01-11,1499.74,1503.6
2022-01-12,1530.04,1528.9
2022-01-13,1526.43,1525.7
2022-01-14,1523.57,1520.1
2022-01-17,1478.61,1480.0
2022-01-18,1477.06,1482.5
2022-01-19,1482.55,1482.0
2022-01-20,1492.81,1492.6
2022-01-21,1502.16,1498.9
2022-01-24,1471.31,1468.2
2022-01-25,1516.16,1503.9
2022-01-26,1525.31,1519.0
2022-01-27,1516.57,1512.0
2022-01-28,1532.24,1528.0
2022-02-07,1541.25,1532.8
2022-02-08,1550.46,1535.5
2022-02-09,1552.44,1541.0
2022-02-10,1548.95,1542.5
2022-02-11,1545.92,1543.0
2022-02-14,1505.07,1510.1
2022-02-15,1527.36,1522.0
2022-02-16,1521.47,1521.0
2022-02-17,1540.51,1540.2
2022-02-18,1531.47,1525.0
2022-02-21,1533.4,1530.0
2022-02-22,1532.36,1517.5
2022-02-23,1538.83,1529.3
2022-02-24,1522.04,1514.7
2022-02-25,1526.5,1517.0
2022-02-28,1517.18,1511.2
2022-03-01,1520.12,1515.6
2022-03-02,1498.61,1502.0
2022-03-03,1522.49,1517.5
2022-03-04,1525.34,1513.0
2022-03-07,1509.12,1504.2
2022-03-08,1490.17,1490.3
2022-03-09,1489.25,1490.8
2022-03-10,1490.24,1490.0
2022-03-11,1477.14,1476.0
2022-03-14,1461.1,1463.4
2022-03-15,1468.89,1464.5
2022-03-16,1472.69,1471.8
2022-03-17,1469.92,1472.2
2022-03-18,1476.94,1478.1
2022-03-21,1502.67,1494.9
2022-03-22,1513.4,1500.0
2022-03-23,1505.59,1497.2
2022-03-24,1497.44,1494.0
2022-03-25,1498.36,1494.0
2022-03-28,1484.16,1483.5
2022-03-29,1500.57,1493.4
2022-03-30,1500.23,1489.8
2022-03-31,1508.53,1496.0
2022-04-01,1542.47,1525.0
2022-04-04,1548.04,1528.4
2022-04-05,1539.2,1525.3
2022-04-06,1557.11,1540.3
2022-04-07,1541.96,1529.8
2022-04-08,1524.31,1523.9
2022-04-12,1507.2,1509.4
2022-04-13,1525.39,1519.7
2022-04-14,1518.01,1512.5
2022-04-15,1493.74,1492.6
2022-04-18,1468.25,1473.1
2022-04-19,1440.61,1454.1
2022-04-20,1435.5,1440.0
2022-04-21,1426.87,1435.3
2022-04-22,1444.32,1445.0
2022-04-25,1366.39,1353.1
2022-04-26,1396.9,1391.0
2022-04-27,1402.03,1401.0
2022-04-28,1400.88,1392.0
2022-04-29,1417.31,1409.0
2022-05-04,1389.59,1383.0
2022-05-05,1404.88,1402.5
2022-05-06,1373.21,1362.0
2022-05-09,1314.04,1308.1
2022-05-10,1345.46,1335.0
2022-05-11,1349.82,1337.0
2022-05-12,1279.76,1270.0
2022-05-13,1223.76,1225.0
2022-05-16,1215.08,1212.0
2022-05-17,1279.55,1280.9
2022-05-18,1286.41,1281.0
2022-05-19,1283.55,1283.0
2022-05-20,1282.51,1276.8
2022-05-23,1255.35,1253.1
2022-05-24,1272.71,1267.0
2022-05-25,1310.7,1299.3
2022-05-26,1309.5,1300.9
2022-05-27,1335.68,1322.5
2022-05-30,1342.87,1325.6
2022-05-31,1332.59,1320.5
2022-06-01,1335.49,1326.0
2022-06-02,1325.49,1315.0
2022-06-03,1327.4,1318.5
2022-06-06,1327.04,1315.0
2022-06-07,1324.37,1315.0
2022-06-08,1342.03,1333.0
2022-06-09,1342.92,1335.3
2022-06-10,1325.69,1311.1
2022-06-13,1260.85,1260.2
2022-06-14,1261.16,1268.3
2022-06-15,1253.09,1251.3
2022-06-16,1280.37,1286.0
2022-06-17,1258.03,1245.2
2022-06-20,1225.56,1212.0
2022-06-21,1224.54,1228.0
2022-06-22,1227.18,1216.0
2022-06-23,1240.58,1227.8
2022-06-24,1235.47,1227.0
2022-06-27,1256.67,1247.9
2022-06-28,1273.41,1261.0
2022-06-29,1273.4,1260.5
2022-06-30,1248.92,1240.1
2022-07-01,1252.24,1242.0
2022-07-04,1248.37,1242.0
2022-07-05,1242.05,1234.9
2022-07-06,1211.94,1218.0
2022-07-07,1229.23,1225.0
2022-07-08,1231.54,1225.0
2022-07-11,1209.02,1200.7
2022-07-12,1219.44,1213.5
2022-07-13,1216.94,1210.0
2022-07-14,1221.94,1215.7
2022-07-15,1220.14,1210.1
2022-07-18,1214.28,1215.4
2022-07-19,1211.7,1213.0
2022-07-20,1225.62,1226.1
2022-07-21,1235.25,1234.1
2022-07-22,1228.84,1225.6
2022-07-25,1222.6,1221.9
2022-07-26,1218.49,1218.9
2022-07-27,1219.43,1223.0
2022-07-28,1236.14,1231.6
2022-07-29,1232.0,1230.7
2022-08-01,1256.25,1244.4
2022-08-02,1260.44,1245.9
2022-08-03,1269.83,1250.0
2022-08-04,1277.73,1257.5
2022-08-05,1272.06,1264.5
2022-08-08,1276.7,1266.0
2022-08-09,1281.44,1272.7
2022-08-10,1277.15,1270.6
2022-08-11,1272.33,1268.0
2022-08-12,1280.96,1280.1
2022-08-15,1293.79,1293.0
2022-08-16,1295.1,1296.9
2022-08-17,1300.4,1309.0
2022-08-18,1299.93,1304.8
2022-08-19,1294.93,1281.0
2022-08-22,1285.45,1271.0
2022-08-23,1292.0,1283.1
2022-08-24,1296.41,1285.2
2022-08-25,1311.55,1303.0
2022-08-26,1306.81,1293.0
2022-08-29,1293.25,1286.0
2022-08-30,1298.14,1287.0
2022-08-31,1301.44,1293.9
2022-09-05,1298.15,1286.0
2022-09-06,1299.06,1290.0
2022-09-07,1268.95,1265.0
2022-09-08,1265.57,1264.1
2022-09-09,1275.64,1275.0
2022-09-12,1275.6,1276.8
2022-09-13,1272.48,1272.0
2022-09-14,1260.88,1259.0
2022-09-15,1262.82,1262.2
2022-09-16,1252.78,1237.0
2022-09-19,1229.88,1223.5
2022-09-20,1241.07,1232.7
2022-09-21,1228.2,1219.6
2022-09-22,1228.94,1225.0
2022-09-23,1215.41,1210.0
2022-09-26,1187.22,1192.0
2022-09-27,1182.46,1185.0
2022-09-28,1160.66,1165.0
2022-09-29,1147.44,1148.0
2022-09-30,1152.01,1150.0
2022-10-03,1102.0,1102.6
2022-10-04,1097.72,1102.0
2022-10-05,1117.38,1115.2
2022-10-06,1081.36,1080.0
2022-10-07,1039.54,1032.2
2022-10-10,1038.93,1032.5
2022-10-11,1001.68,989.0
2022-10-12,1034.93,1025.1
2022-10-13,1051.24,1039.6
2022-10-14,1061.39,1048.0
2022-10-17,1047.2,1050.0
2022-10-18,1059.06,1057.9
2022-10-19,1053.65,1053.0
2022-10-20,1053.26,1058.0
2022-10-21,1010.57,985.0
2022-10-24,973.88,942.0
2022-10-25,991.52,961.0
2022-10-26,988.69,967.5
2022-10-27,1023.35,1025.0
2022-10-28,1029.83,1016.0
2022-10-31,1018.44,1024.0
2022-11-01,1031.13,1018.0
2022-11-02,1025.73,1021.0
2022-11-03,1020.63,1001.1
2022-11-04,995.04,980.0
2022-11-07,969.96,950.0
2022-11-08,975.18,972.1
2022-11-09,974.17,959.0
2022-11-10,933.55,912.8
2022-11-11,948.85,938.0
2022-11-14,936.31,932.0
2022-11-15,904.77,895.0
2022-11-16,940.29,957.6
2022-11-17,971.04,972.5
2022-11-18,971.2,963.0
2022-11-21,956.89,938.2
2022-11-22,945.54,926.0
2022-11-23,938.73,924.1
2022-11-24,940.76,938.9
2022-11-25,967.49,969.0
2022-11-28,1004.34,993.7
2022-11-29,1029.04,1015.5
2022-11-30,1049.21,1027.9
2022-12-01,1042.64,1029.0
2022-12-02,1092.99,1101.0
2022-12-05,1110.94,1104.0
2022-12-06,1054.06,1046.0
2022-12-07,1047.58,1053.3
2022-12-08,1062.73,1055.0
2022-12-09,1065.08,1070.0
2022-12-12,1037.42,1035.2
2022-12-13,1056.43,1058.0
2022-12-14,1056.17,1059.6
2022-12-15,1068.08,1065.1
2022-12-16,1064.07,1060.0
2022-12-19,1050.22,1045.0
2022-12-20,1029.79,1027.0
2022-12-21,1033.1,1037.0
2022-12-22,1038.34,1037.7
2022-12-23,1034.13,1034.8
2022-12-26,987.77,986.4
2022-12-27,1007.36,1001.0
2022-12-28,1013.95,1008.0
2022-12-29,1008.3,993.0
2022-12-30,1005.19,1004.5
2023-01-03,1047.25,1045.5
2023-01-04,1050.15,1042.7
2023-01-05,1061.9,1053.8
2023-01-06,1057.4,1051.0
2023-01-09,1061.14,1053.6
2023-01-10,1060.53,1056.6
2023-01-11,1065.22,1062.7
2023-01-12,1066.24,1065.2
2023-01-13,1069.86,1069.1
2023-01-16,1075.71,1075.2
2023-01-17,1103.73,1107.0
2023-01-18,1115.72,1117.3
2023-01-19,1121.92,1121.0
2023-01-27,1130.65,1127.0
2023-01-30,1113.95,1109.8
2023-01-31,1125.07,1125.0
2023-02-01,1088.09,1088.5
2023-02-02,1093.48,1088.0
2023-02-03,1085.7,1081.9
2023-02-06,1094.37,1090.6
2023-02-07,1069.5,1067.3
2023-02-08,1073.38,1072.0
2023-02-09,1059.91,1057.0
2023-02-10,1048.74,1045.0
2023-02-13,1040.4,1038.6
2023-02-14,1034.93,1030.9
2023-02-15,1043.34,1037.0
2023-02-16,1055.26,1052.3
2023-02-17,1053.72,1049.0
2023-02-20,1087.36,1088.0
2023-02-21,1080.9,1076.1
2023-02-22,1051.08,1043.8
2023-02-23,1050.95,1048.0
2023-02-24,1030.42,1020.0
2023-02-27,1011.46,1011.0
2023-02-28,1014.96,1008.0
2023-03-01,1034.43,1032.0
2023-03-02,1028.73,1024.0
2023-03-03,1013.35,1005.2
2023-03-06,1014.26,1010.0
2023-03-07,1027.16,1027.9
2023-03-08,1040.59,1038.0
2023-03-09,1050.28,1050.7
2023-03-10,1047.2,1049.8
2023-03-13,1050.07,1048.0
2023-03-14,1037.35,1037.9
2023-03-15,1064.38,1063.0
2023-03-16,1046.99,1043.0
2023-03-17,1047.71,1045.1
2023-03-20,1024.5,1022.4
2023-03-21,1035.04,1030.5
2023-03-22,1043.14,1034.5
2023-03-23,1046.6,1038.9
2023-03-24,1051.42,1043.1
2023-03-27,1056.45,1047.3
2023-03-28,1058.82,1051.5
2023-03-29,1061.45,1056.0
2023-03-30,1067.24,1064.5
2023-03-31,1073.68,1066.0
2023-04-03,1088.72,1083.0
2023-04-04,1088.34,1080.2
2023-04-05,1089.83,1084.1
2023-04-06,1078.86,1073.0
2023-04-10,1077.41,1072.8
2023-04-11,1081.71,1076.0
2023-04-12,1080.69,1075.0
2023-04-13,1074.67,1070.0
2023-04-14,1063.43,1063.1
2023-04-17,1065.02,1064.5
2023-04-18,1064.55,1063.0
2023-04-19,1056.14,1055.0
2023-04-20,1053.61,1053.9
2023-04-21,1046.18,1040.0
2023-04-24,1046.17,1040.9
2023-04-25,1037.04,1030.7
2023-04-26,1045.24,1037.5
2023-04-27,1041.54,1035.0
2023-04-28,1051.43,1042.5
2023-05-04,1039.64,1035.0
2023-05-05,1038.46,1033.5
2023-05-08,1049.7,1041.8
2023-05-09,1049.67,1042.2
2023-05-10,1054.99,1050.6
2023-05-11,1054.93,1051.6
2023-05-12,1066.44,1064.9
2023-05-15,1070.9,1066.5
2023-05-16,1069.64,1067.0
2023-05-17,1062.1,1065.0
2023-05-18,1070.76,1074.2
2023-05-19,1068.84,1062.5
2023-05-22,1073.74,1065.3
2023-05-23,1068.05,1059.5
2023-05-24,1061.55,1056.1
2023-05-25,1062.15,1057.0
2023-05-26,1060.81,1056.5
2023-05-29,1069.77,1068.0
2023-05-30,1071.82,1068.2
2023-05-31,1066.33,1062.6
2023-06-01,1068.09,1065.0
2023-06-02,1086.96,1078.8
2023-06-05,1091.08,1087.2
2023-06-06,1102.32,1096.1
2023-06-07,1105.68,1098.0
2023-06-08,1092.46,1089.0
2023-06-09,1100.85,1095.3
2023-06-12,1109.63,1108.3
2023-06-13,1115.39,1115.5
2023-06-14,1110.6,1112.1
2023-06-15,1108.57,1109.3
2023-06-16,1109.06,1102.6
2023-06-19,1098.94,1096.5
2023-06-20,1104.27,1100.0
2023-06-21,1112.07,1115.5
2023-06-22,1117.6,1114.0
2023-06-23,1126.76,1119.1
2023-06-26,1131.23,1123.0
2023-06-27,1134.41,1125.2
2023-06-28,1141.12,1132.4
2023-06-29,1125.29,1115.0
2023-06-30,1123.13,1117.3
2023-07-03,1123.37,1117.5
2023-07-04,1128.0,1123.0
2023-07-05,1129.76,1124.0
2023-07-06,1119.44,1116.0
2023-07-07,1129.43,1125.0
2023-07-10,1143.16,1136.5
2023-07-11,1146.67,1138.0
2023-07-12,1146.54,1141.8
2023-07-13,1156.11,1155.0
2023-07-14,1160.59,1162.1
2023-07-17,1164.58,1161.8
2023-07-18,1166.82,1165.0
2023-07-19,1165.19,1164.1
2023-07-20,1168.26,1165.1
2023-07-21,1186.6,1184.9
2023-07-24,1193.14,1191.4
2023-07-25,1198.01,1194.0
2023-07-26,1201.43,1197.0
2023-07-27,1199.68,1193.8
2023-07-28,1212.45,1210.0
2023-07-31,1230.81,1234.2
2023-08-01,1222.18,1220.0
2023-08-02,1221.32,1218.0
2023-08-03,1210.8,1208.4
2023-08-04,1231.42,1234.6
2023-08-07,1250.68,1250.2
2023-08-08,1247.81,1248.0
2023-08-09,1239.84,1240.0
2023-08-10,1226.2,1226.0
2023-08-11,1240.77,1239.5
2023-08-14,1243.43,1239.1
2023-08-15,1241.24,1241.0
2023-08-16,1256.95,1255.3
2023-08-17,1247.82,1253.5
2023-08-18,1190.1,1188.0
2023-08-21,1190.32,1190.9
2023-08-22,1193.51,1196.0
2023-08-23,1182.97,1180.6
2023-08-24,1201.88,1198.0
2023-08-25,1193.93,1194.5
2023-08-28,1213.4,1211.0
2023-08-29,1215.47,1211.8
2023-08-30,1225.56,1224.2
2023-08-31,1234.53,1233.0
2023-09-05,1244.64,1242.5
2023-09-06,1260.03,1263.0
2023-09-07,1255.22,1255.2
2023-09-08,1249.14,1249.9
2023-09-11,1230.71,1233.0
2023-09-12,1255.83,1257.0
2023-09-13,1247.95,1245.0
2023-09-14,1234.06,1235.0
2023-09-15,1238.81,1240.5
2023-09-18,1223.7,1222.0
2023-09-19,1225.5,1222.0
2023-09-20,1234.57,1231.6
2023-09-21,1219.19,1220.6
2023-09-22,1197.69,1192.6
2023-09-25,1159.94,1162.5
2023-09-26,1153.37,1151.6
2023-09-27,1168.6,1163.7
2023-09-28,1164.45,1162.5
2023-09-29,1166.26,1160.6
2023-10-02,1167.13,1166.8
2023-10-03,1130.89,1131.3
2023-10-04,1138.54,1132.5
2023-10-05,1124.48,1120.0
2023-10-06,1139.78,1138.4
2023-10-09,1150.37,1145.0
2023-10-10,1160.28,1157.0
2023-10-11,1167.29,1166.0
2023-10-12,1165.49,1161.5
2023-10-13,1166.66,1161.1
2023-10-16,1153.21,1146.5
2023-10-17,1141.03,1134.9
2023-10-18,1125.56,1125.0
2023-10-19,1104.89,1112.0
2023-10-20,1123.69,1117.0
2023-10-23,1106.85,1104.9
2023-10-24,1117.12,1112.0
2023-10-25,1113.32,1109.2
2023-10-26,1064.95,1060.0
2023-10-27,1067.57,1068.5
2023-10-30,1047.63,1039.9
2023-10-31,1039.38,1039.7
2023-11-01,1051.65,1047.5
2023-11-02,1087.5,1087.0
2023-11-03,1086.19,1087.0
2023-11-06,1103.52,1106.0
2023-11-07,1092.71,1095.4
2023-11-08,1129.95,1134.0
2023-11-09,1122.95,1125.0
2023-11-10,1109.05,1108.5
2023-11-13,1106.72,1107.0
2023-11-14,1119.28,1120.0
2023-11-15,1131.9,1134.0
2023-11-16,1132.6,1125.1
2023-11-17,1103.53,1105.0
2023-11-20,1102.85,1102.0
2023-11-21,1108.6,1111.0
2023-11-22,1109.8,1112.0
2023-11-23,1082.68,1080.0
2023-11-24,1087.34,1084.9
2023-11-27,1078.42,1076.0
2023-11-28,1088.51,1087.0
2023-11-29,1093.16,1092.1
2023-11-30,1081.7,1076.0
2023-12-01,1090.39,1090.1
2023-12-04,1107.16,1107.0
2023-12-05,1100.42,1099.0
2023-12-06,1109.27,1111.1
2023-12-07,1111.35,1112.0
2023-12-08,1114.89,1112.0
2023-12-11,1117.34,1117.0
2023-12-12,1121.21,1118.8
2023-12-13,1106.83,1107.0
2023-12-14,1104.49,1103.9
2023-12-15,1097.4,1099.3
2023-12-18,1084.67,1082.0
2023-12-19,1091.87,1091.3
2023-12-20,1097.01,1096.1
2023-12-21,1097.43,1094.7
2023-12-22,1097.45,1097.7
2023-12-25,1111.86,1115.0
2023-12-26,1115.52,1121.5
2023-12-27,1115.94,1116.9
2023-12-28,1128.51,1132.9
2023-12-29,1131.46,1134.6
2024-01-02,1131.64,1133.5
2024-01-03,1144.85,1148.3
2024-01-04,1156.37,1156.5
2024-01-05,1161.14,1166.0
2024-01-08,1163.52,1162.0
2024-01-09,1160.21,1163.0
2024-01-10,1162.68,1163.1
2024-01-11,1163.56,1168.1
2024-01-12,1163.66,1165.9
2024-01-15,1161.3,1162.7
2024-01-16,1170.19,1172.0
2024-01-17,1166.61,1166.0
2024-01-18,1173.91,1172.8
2024-01-19,1185.23,1190.0
2024-01-22,1189.56,1194.0
2024-01-23,1183.85,1184.0
2024-01-24,1179.45,1180.7
2024-01-25,1177.52,1180.5
2024-01-26,1182.82,1187.0
2024-01-29,1179.17,1183.6
2024-01-30,1181.71,1186.0
2024-01-31,1166.33,1171.0
2024-02-01,1173.35,1177.2
2024-02-02,1174.76,1181.1
2024-02-05,1197.36,1202.5
2024-02-06,1199.17,1203.9
2024-02-07,1212.7,1219.0
2024-02-15,1217.12,1217.8
2024-02-16,1224.54,1232.0
2024-02-19,1240.2,1240.5
2024-02-20,1241.65,1240.2
2024-02-21,1242.08,1240.0
2024-02-22,1239.9,1238.0
2024-02-23,1223.09,1225.1
2024-02-26,1233.31,1230.3
2024-02-27,1247.91,1241.0
2024-02-28,1265.35,1266.2
2024-02-29,1265.75,1262.8
2024-03-01,1267.07,1266.8
2024-03-04,1268.53,1268.4
2024-03-05,1280.17,1278.5
2024-03-06,1271.07,1266.8
2024-03-07,1276.56,1273.4
2024-03-08,1250.2,1253.8
2024-03-11,1235.12,1231.0
2024-03-12,1242.23,1239.8
2024-03-13,1272.28,1271.3
2024-03-14,1260.32,1260.8
2024-03-15,1256.42,1260.0
2024-03-18,1235.74,1230.9
2024-03-19,1234.74,1230.0
2024-03-20,1259.06,1255.5
2024-03-21,1281.57,1275.7
2024-03-22,1284.14,1284.5
2024-03-25,1270.0,1268.9
2024-03-26,1286.23,1285.0
2024-03-27,1288.77,1288.0
2024-03-28,1303.2,1306.9
2024-03-29,1296.9,1298.1
2024-04-01,1292.62,1290.4
2024-04-02,1292.3,1290.0
2024-04-03,1274.27,1271.9
2024-04-04,1267.65,1265.0
2024-04-05,1257.78,1252.1
2024-04-08,1254.72,1254.2
2024-04-09,1266.92,1264.2
2024-04-10,1263.82,1260.1
2024-04-11,1262.86,1263.0
2024-04-12,1284.74,1286.0
2024-04-15,1227.9,1236.3
2024-04-16,1232.7,1230.0
2024-04-17,1210.74,1214.6
2024-04-19,1194.03,1191.7
2024-04-22,1206.64,1205.3
2024-04-23,1200.37,1200.6
2024-04-24,1232.17,1230.5
2024-04-25,1233.72,1227.0
2024-04-26,1240.5,1232.4
2024-05-02,1247.21,1242.4
2024-05-03,1255.62,1249.6
2024-05-06,1274.62,1270.0
2024-05-07,1284.85,1276.0
2024-05-08,1284.85,1279.0
2024-05-09,1281.47,1269.0
2024-05-10,1277.47,1270.4
2024-05-13,1272.53,1266.0
2024-05-14,1277.31,1274.4
2024-05-15,1289.97,1286.1
2024-05-16,1308.27,1309.8
2024-05-17,1310.15,1307.9
2024-05-20,1312.55,1310.1
2024-05-21,1308.62,1312.1
2024-05-22,1291.46,1292.2
2024-05-23,1304.76,1300.0
2024-05-24,1283.46,1277.7
2024-05-27,1284.88,1276.2
2024-05-28,1299.75,1292.5
2024-05-29,1284.02,1277.5
2024-05-30,1279.29,1270.0
2024-05-31,1275.97,1270.0
2024-06-03,1297.78,1291.5
2024-06-04,1300.99,1295.0
2024-06-05,1299.66,1295.0
2024-06-06,1302.28,1298.7
2024-06-07,1308.03,1308.0
2024-06-10,1311.1,1310.9
2024-06-11,1308.3,1305.0
2024-06-12,1331.81,1330.7
2024-06-13,1333.85,1335.0
2024-06-14,1316.46,1317.0
2024-06-17,1309.7,1308.0
2024-06-18,1309.89,1308.5
2024-06-19,1314.22,1317.0
2024-06-20,1322.36,1323.7
2024-06-21,1319.93,1320.9
2024-06-24,1289.85,1290.7
2024-06-25,1288.8,1287.7
2024-06-26,1291.3,1290.0
2024-06-27,1289.03,1289.0
2024-06-28,1278.32,1274.3
2024-07-01,1285.48,1285.0
2024-07-02,1296.06,1295.2
2024-07-03,1305.5,1307.0
2024-07-04,1310.63,1308.6
2024-07-05,1316.18,1316.3
2024-07-08,1315.83,1314.0
2024-07-09,1321.78,1320.5
2024-07-10,1310.91,1310.0
2024-07-11,1306.22,1305.7
2024-07-12,1301.81,1300.0
2024-07-15,1297.82,1299.0
2024-07-16,1303.3,1302.7
2024-07-17,1305.37,1303.2
2024-07-18,1306.38,1297.5
2024-07-19,1302.32,1297.1
2024-07-22,1299.31,1300.0
2024-07-23,1278.67,1284.2
2024-07-24,1280.51,1283.5
2024-07-25,1272.18,1276.6
2024-07-26,1281.84,1285.0
2024-07-29,1285.73,1287.8
2024-07-30,1287.82,1292.4
2024-07-31,1299.09,1304.3
2024-08-01,1272.0,1275.0
2024-08-02,1281.01,1275.9
2024-08-05,1232.11,1233.0
2024-08-06,1252.81,1249.6
2024-08-07,1253.58,1250.0
2024-08-08,1243.31,1240.1
2024-08-09,1264.84,1264.9
2024-08-12,1271.44,1270.0
2024-08-13,1268.72,1267.0
2024-08-14,1270.38,1268.0
2024-08-15,1265.32,1267.7
2024-08-16,1291.68,1288.0
2024-08-19,1299.04,1298.0
2024-08-20,1305.25,1302.0
2024-08-21,1317.69,1312.4
2024-08-22,1318.57,1314.2
2024-08-23,1321.15,1315.3
2024-08-26,1318.6,1317.0
2024-08-27,1322.28,1321.8
2024-08-28,1323.54,1322.1
2024-08-29,1326.67,1326.8
2024-08-30,1331.52,1332.7
2024-09-04,1317.71,1314.0
2024-09-05,1309.05,1307.7
2024-09-06,1315.39,1309.0
2024-09-09,1307.15,1307.7
2024-09-10,1294.06,1294.1
2024-09-11,1293.88,1293.0
2024-09-12,1297.61,1297.5
2024-09-13,1294.3,1294.1
2024-09-16,1281.37,1282.0
2024-09-17,1303.65,1305.8
2024-09-18,1310.94,1311.9
2024-09-19,1318.41,1316.9
2024-09-20,1326.0,1330.0
2024-09-23,1321.12,1325.5
2024-09-24,1330.87,1335.0
2024-09-25,1344.07,1344.0
2024-09-26,1350.85,1356.4
2024-09-27,1352.57,1355.5
2024-09-30,1352.56,1357.0
2024-10-01,1358.88,1360.0
2024-10-02,1354.51,1357.1
2024-10-03,1346.46,1349.0
2024-10-04,1336.21,1343.0
2024-10-07,1335.48,1340.0
2024-10-08,1339.05,1341.7
2024-10-09,1351.97,1358.3
2024-10-10,1360.58,1366.2
2024-10-11,1362.5,1366.6
2024-10-14,1358.76,1359.0
2024-10-15,1356.09,1358.0
2024-10-16,1354.1,1354.6
2024-10-17,1362.89,1358.3
2024-10-18,1362.69,1365.9
2024-10-21,1358.03,1363.9
2024-10-22,1348.92,1352.2
2024-10-23,1349.72,1354.0
2024-10-24,1329.62,1338.0
2024-10-25,1325.54,1327.2
2024-10-28,1328.33,1332.0
2024-10-29,1335.76,1339.4
2024-10-30,1333.85,1342.0
2024-10-31,1338.6,1343.5
2024-11-01,1325.62,1330.4
2024-11-04,1312.64,1318.5
2024-11-05,1313.35,1319.0
2024-11-06,1329.56,1341.0
2024-11-07,1326.65,1334.7
2024-11-08,1317.34,1324.0
2024-11-11,1310.46,1320.1
2024-11-12,1301.95,1310.0
2024-11-13,1304.04,1307.3
2024-11-14,1286.65,1292.9
2024-11-15,1271.22,1275.6
2024-11-18,1270.23,1273.2
2024-11-19,1259.08,1262.3
2024-11-20,1271.73,1270.0
2024-11-21,1286.67,1281.3
2024-11-22,1286.07,1298.0
2024-11-25,1291.94,1298.4
2024-11-26,1299.22,1307.0
2024-11-27,1301.06,1307.8
2024-11-28,1301.52,1305.5
2024-11-29,1311.26,1318.0
2024-12-02,1308.83,1313.5
2024-12-03,1309.18,1314.0
2024-12-04,1297.81,1303.0
2024-12-05,1337.55,1345.0
2024-12-06,1337.28,1342.0
2024-12-09,1336.18,1339.9
2024-12-10,1335.85,1343.0
2024-12-11,1336.48,1338.6
2024-12-12,1335.55,1339.5
2024-12-13,1331.58,1335.0
2024-12-16,1331.82,1335.0
2024-12-17,1327.63,1331.0
2024-12-18,1329.83,1331.0
2024-12-19,1314.16,1312.3
2024-12-20,1317.77,1321.2
2024-12-23,1323.02,1328.0
2024-12-24,1323.27,1328.0
2024-12-25,1331.58,1350.1
2024-12-26,1342.68,1350.7
2024-12-27,1346.84,1348.5
2024-12-30,1347.35,1345.2
2024-12-31,1344.75,1345.5
2025-01-02,1343.2,1346.9
2025-01-03,1320.58,1324.0
2025-01-06,1313.04,1318.9
2025-01-07,1315.28,1318.4
2025-01-08,1316.63,1322.5
2025-01-09,1310.8,1314.5
2025-01-10,1293.23,1295.6
2025-01-13,1298.34,1299.5
2025-01-14,1289.23,1291.2
2025-01-15,1297.64,1296.6
2025-01-16,1303.25,1295.1
2025-01-17,1313.48,1320.8
2025-01-20,1316.95,1324.5
2025-01-21,1314.81,1322.8
2025-01-22,1309.72,1320.5
2025-01-23,1333.83,1339.0
2025-01-24,1337.59,1343.9
2025-02-03,1315.46,1318.0
2025-02-04,1327.21,1328.5
2025-02-05,1331.35,1333.5
2025-02-06,1336.59,1339.9
2025-02-07,1340.8,1343.3
2025-02-10,1330.88,1330.5
2025-02-11,1337.47,1334.1
2025-02-12,1335.68,1329.5
2025-02-13,1337.78,1337.5
2025-02-14,1340.52,1341.8
2025-02-17,1334.01,1335.3
2025-02-18,1337.39,1338.9
2025-02-19,1344.64,1344.5
2025-02-20,1349.45,1350.0
2025-02-21,1353.73,1353.8
2025-02-24,1364.52,1366.3
2025-02-25,1360.56,1359.8
2025-02-26,1360.56,1361.9
2025-02-27,1363.62,1364.0
2025-02-28,1356.43,1357.0
2025-03-03,1361.16,1361.0
2025-03-04,1367.97,1367.0
2025-03-05,1363.91,1365.2
2025-03-06,1379.62,1375.4
2025-03-07,1389.77,1385.2
2025-03-10,1391.07,1389.4
2025-03-11,1393.57,1392.0
2025-03-12,1392.39,1388.5
2025-03-13,1387.3,1385.5
2025-03-14,1387.03,1385.0
2025-03-17,1394.9,1390.3
2025-03-18,1388.64,1387.5
2025-03-19,1377.63,1377.0
2025-03-20,1378.95,1376.5
2025-03-21,1378.27,1373.9
2025-03-24,1390.7,1390.0
2025-03-25,1388.79,1386.7
2025-03-26,1381.47,1376.9
2025-03-27,1380.26,1374.8
2025-03-28,1373.93,1365.1
2025-03-31,1363.88,1360.0
2025-04-01,1376.91,1366.0
2025-04-02,1376.94,1371.6
2025-04-04,1280.52,1267.1
2025-04-08,1197.51,1178.5
2025-04-09,1168.68,1178.0
2025-04-10,1249.29,1260.4
2025-04-11,1309.94,1307.0
2025-04-14,1325.87,1317.0
2025-04-15,1310.76,1307.7
2025-04-16,1293.25,1290.0
2025-04-17,1303.03,1296.0
2025-04-18,1306.24,1290.0
2025-04-21,1294.29,1291.0
2025-04-22,1290.38,1292.0
2025-04-23,1303.04,1301.0
2025-04-24,1311.66,1307.0
2025-04-25,1317.18,1311.9
2025-04-28,1312.32,1312.0
2025-04-29,1309.73,1306.2
2025-05-05,1320.41,1316.4
2025-05-06,1319.66,1317.5
2025-05-07,1324.8,1325.0
2025-05-08,1351.1,1355.0
2025-05-09,1352.25,1350.5
2025-05-12,1372.04,1374.0
2025-05-13,1382.78,1380.0
2025-05-14,1397.87,1396.5
2025-05-15,1401.49,1400.7
2025-05-16,1384.44,1384.2
2025-05-19,1379.75,1380.1
2025-05-20,1407.52,1408.0
2025-05-21,1419.36,1414.5
2025-05-22,1409.56,1402.0
2025-05-23,1409.4,1406.5
2025-05-26,1424.01,1416.5
2025-05-27,1427.45,1415.5
2025-05-28,1432.19,1421.2
2025-05-29,1431.57,1423.7
2025-05-30,1423.68,1419.5
2025-06-02,1423.04,1415.1
2025-06-03,1437.87,1434.9
2025-06-04,1435.28,1430.0
2025-06-05,1432.38,1427.0
2025-06-06,1418.97,1413.6
2025-06-09,1396.56,1397.0
2025-06-10,1404.82,1396.9
2025-06-11,1405.15,1401.8
2025-06-12,1412.16,1409.2
2025-06-13,1401.2,1395.9
2025-06-16,1420.35,1416.7
2025-06-17,1431.39,1421.0
2025-06-18,1432.99,1427.4
2025-06-19,1439.3,1440.8
2025-06-20,1435.19,1424.2
2025-06-23,1448.32,1433.6
2025-06-24,1462.8,1449.0
2025-06-25,1465.36,1450.2
2025-06-26,1463.57,1448.8
2025-06-27,1475.89,1460.0
2025-06-30,1477.56,1462.6
2025-07-01,1476.16,1459.2
2025-07-02,1482.76,1469.7
2025-07-03,1481.2,1471.0
2025-07-04,1488.77,1472.2
2025-07-07,1508.66,1492.9
2025-07-08,1529.27,1512.0
2025-07-09,1543.27,1533.0
2025-07-10,1569.34,1567.9
2025-07-11,1594.01,1595.9
2025-07-14,1605.66,1601.2
2025-07-15,1593.84,1594.0
2025-07-16,1614.42,1618.0
2025-07-17,1634.7,1638.0
2025-07-18,1643.91,1638.0
2025-07-21,1628.06,1624.5
2025-07-22,1655.98,1655.0
2025-07-23,1653.01,1653.0
2025-07-24,1661.23,1655.5
2025-07-25,1669.33,1673.0
2025-07-28,1695.63,1693.0
2025-07-29,1621.29,1621.0
2025-07-30,1630.78,1623.3
2025-07-31,1615.23,1607.3
2025-08-01,1614.11,1615.0
2025-08-04,1653.22,1653.5
2025-08-05,1690.43,1689.6
2025-08-06,1723.31,1719.5
2025-08-07,1734.85,1724.8
2025-08-08,1729.08,1723.2
2025-08-11,1741.9,1737.5
2025-08-12,1755.25,1749.4
2025-08-13,1753.71,1746.0
2025-08-14,1793.78,1793.0
2025-08-15,1783.25,1781.0
2025-08-18,1786.37,1780.5
2025-08-19,1810.46,1815.9
2025-08-20,1828.46,1831.1
2025-08-21,1874.91,1876.9
2025-08-22,1814.02,1805.0
2025-08-25,1783.12,1783.0
2025-08-26,1849.05,1852.0
2025-08-27,1848.55,1846.4
2025-08-28,1861.2,1862.9
2025-08-29,1865.38,1861.0
2025-09-03,1859.59,1855.0
2025-09-04,1883.59,1883.1
2025-09-05,1845.48,1845.1
2025-09-08,1807.22,1800.0
2025-09-09,1825.17,1825.0
2025-09-10,1828.63,1824.8
2025-09-11,1855.08,1853.5
2025-09-12,1865.45,1859.0
2025-09-15,1876.75,1876.0
2025-09-16,1875.39,1876.0
2025-09-17,1868.85,1873.7
2025-09-18,1861.74,1856.6
2025-09-19,1859.53,1848.2
2025-09-22,1819.6,1815.1
2025-09-23,1821.45,1812.1
2025-09-24,1853.48,1849.0
2025-09-25,1858.67,1849.4
2025-09-26,1852.65,1840.0
2025-09-29,1862.23,1855.2
2025-09-30,1863.13,1854.4
2025-10-01,1870.63,1864.0
2025-10-02,1859.8,1852.8
2025-10-03,1859.51,1856.9
2025-10-06,1918.97,1918.6
2025-10-07,1909.65,1911.3
2025-10-08,1922.95,1919.0
2025-10-09,1940.89,1936.6
2025-10-10,1980.57,1975.9
2025-10-13,2012.28,2013.6
2025-10-14,2013.69,2014.2
2025-10-15,2009.64,2022.0
2025-10-16,2022.27,2012.7
2025-10-17,1977.14,1968.0
2025-10-20,1870.86,1861.0
2025-10-21,1915.9,1900.2
2025-10-22,1930.88,1926.0
2025-10-23,1945.78,1943.5
2025-10-24,1944.6,1937.4
2025-10-27,1900.76,1891.5
2025-10-28,1949.28,1940.9
2025-10-29,1949.76,1947.0
2025-10-30,1925.18,1927.0
2025-10-31,1885.36,1892.0
2025-11-03,1857.64,1860.0
2025-11-04,1897.71,1898.0
2025-11-05,1886.47,1886.0
2025-11-06,1869.6,1866.5
2025-11-07,1824.71,1827.8
2025-11-10,1804.18,1801.3
2025-11-11,1821.6,1815.0
2025-11-12,1872.27,1870.6
2025-11-13,1864.23,1863.0
2025-11-14,1871.54,1869.7
2025-11-17,1893.54,1895.2
2025-11-18,1898.07,1898.0
2025-11-19,1886.2,1885.8
2025-11-20,1897.46,1898.1
2025-11-21,1899.89,1892.4
2025-11-24,1916.36,1911.0
2025-11-25,1909.6,1908.1
2025-11-26,1923.55,1924.9
2025-11-27,1921.18,1921.0
2025-11-28,1923.92,1923.0
2025-12-01,1933.56,1933.2
2025-12-02,1950.12,1947.0
2025-12-03,1971.99,1972.0
2025-12-04,1979.53,1977.0
2025-12-05,1975.5,1976.5
2025-12-08,1983.82,1984.0
2025-12-09,1973.02,1970.0
2025-12-10,1946.98,1935.0
2025-12-11,1924.29,1919.1
2025-12-12,1867.03,1871.0
2025-12-15,1869.84,1868.5
2025-12-16,1909.87,1912.6
2025-12-17,1897.95,1898.1
2025-12-18,1903.47,1899.1
2025-12-19,1933.28,1936.9
2025-12-22,1985.28,1997.0
2025-12-23,2012.87,2015.0
2025-12-24,2023.13,2022.0
2025-12-25,1976.21,1950.0
2025-12-26,1965.97,1969.0
2025-12-29,1990.66,1990.2
2025-12-30,2009.7,2014.1
2025-12-31,2030.63,2029.0
2026-01-05,2028.68,2024.1
2026-01-06,2055.96,2062.0
2026-01-07,2096.76,2088.2
2026-01-08,2074.03,2074.0
2026-01-09,2066.21,2061.6
2026-01-12,2080.24,2079.7
2026-01-13,2089.21,2084.6
2026-01-14,2067.1,2066.6
2026-01-15,2047.48,2039.8
2026-01-16,2080.35,2081.2
2026-01-19,2094.24,2088.9
2026-01-20,2085.61,2077.5
2026-01-21,2080.38,2078.0
2026-01-22,2082.35,2087.0
2026-01-23,2077.76,2076.0
2026-01-26,2032.28,2036.0
2026-01-27,2019.88,2022.0
2026-01-28,1997.13,2003.8
2026-01-29,2018.98,2025.1
2026-01-30,2029.81,2035.0
2026-02-02,2004.31,2004.9
2026-02-03,1997.69,2000.0
2026-02-04,1988.19,2010.0
2026-02-05,1969.27,1972.2
2026-02-06,1943.6,1951.3
2026-02-09,1947.75,1955.7
2026-02-10,1951.58,1966.1
2026-02-11,2000.9,2018.0
2026-02-12,2016.47,2021.0
2026-02-13,2018.64,2010.5
2026-02-23,2039.8,2044.0
2026-02-24,2050.85,2046.5
2026-02-25,2049.64,2046.5
2026-02-26,2069.82,2067.1
2026-02-27,2061.75,2053.6
2026-03-02,2010.75,2015.0
2026-03-03,1959.35,1952.0
2026-03-04,1956.53,1956.0
2026-03-05,1942.76,1924.4
2026-03-06,1904.19,1898.9
2026-03-09,1780.71,1766.0
2026-03-10,1836.96,1833.0
2026-03-11,1889.94,1883.0
2026-03-12,1859.8,1853.0
2026-03-13,1853.6,1840.0
2026-03-16,1852.99,1851.3
2026-03-17,1873.65,1877.0
2026-03-18,1868.84,1881.9
2026-03-19,1854.19,1858.2
2026-03-20,1797.99,1802.0
2026-03-23,1741.05,1740.0
2026-03-24,1770.16,1773.9
2026-03-25,1814.73,1814.0
2026-03-26,1791.25,1793.0
2026-03-27,1821.53,1821.1
2026-03-30,1811.92,1808.4
2026-03-31,1829.59,1823.9
2026-04-01,1861.84,1875.8
2026-04-02,1852.99,1853.2
2026-04-03,1837.43,1835.4
2026-04-06,1836.25,1845.3
2026-04-07,1840.96,1848.2
2026-04-08,1931.01,1942.0
2026-04-09,1915.01,1921.7
2026-04-10,1928.23,1931.0
2026-04-13,1925.66,1932.2
2026-04-14,1946.55,1946.3
2026-04-15,1961.6,1961.0
2026-04-16,1979.19,1980.5
2026-04-17,1988.11,1987.9
2026-04-20,2009.04,1997.9
2026-04-21,2007.08,1998.0
2026-04-22,2025.41,2040.6
2026-04-23,2024.74,2019.2
2026-04-24,2011.42,2015.0
2026-04-28,2041.4,2028.0
2026-04-29,2022.75,2028.0
2026-05-04,2014.62,2017.9
2026-05-05,2032.3,2038.8
2026-05-06,2053.41,2060.0
2026-05-07,2079.1,2080.0
2026-05-08,2074.06,2073.4
2026-05-11,2040.51,2039.0
2026-05-12,2053.97,2049.0
2026-05-13,2043.51,2039.9
2026-05-14,2068.62,2065.1
2026-05-15,2050.58,2053.9
2026-05-18,2046.37,2047.5
2026-05-19,2027.45,2030.1
2026-05-20,2028.94,2040.0
2026-05-21,2027.51,2031.5
2026-05-22,2010.93,2010.0
2026-05-25,2021.72,2022.4
2026-05-26,2027.9,2033.0
2026-05-27,2022.46,2024.8
2026-05-28,1999.82,1990.1
2026-05-29,1997.06,2005.0
2026-06-01,1989.71,1991.0
2026-06-02,1972.99,1972.1
2026-06-03,1974.6,1972.4
2026-06-04,1982.29,1982.4
2026-06-05,1986.28,1982.0
2026-06-08,1936.81,1937.0
2026-06-09,1951.92,1950.3
2026-06-10,1960.97,1961.5
2026-06-11,1947.28,1952.8
2026-06-12,1944.36,1939.0
2026-06-15,1962.48,1965.2
2026-06-16,1960.19,1964.0
2026-06-17,1957.17,1959.9
2026-06-18,1967.22,1971.4
2026-06-19,1963.57,1964.0
2026-06-22,1980.13,1984.8
2026-06-23,1995.12,1991.4
2026-06-24,2010.15,2009.0
2026-06-25,2004.62,2006.4
2026-06-26,2008.57,2012.0
2026-06-29,2004.29,2010.0
2026-06-30,1995.71,1997.6
2026-07-01,2013.35,2014.0
2026-07-02,2009.04,2009.8
2026-07-03,2002.56,2009.0